first,cc_num,trans_date_trans_time,merchant,amt,street,city,state,trans_num,merch_lat,merch_long,is_fraud
Aaron,4260059589824237,2019-01-01 00:22:18,"fraud_Nitzsche, Kessler and Wolff",4.02,969 Huerta Path Apt. 270,Valentine,NE,20490f3f0966ce74b4aaba8dc2c4ed52,42.47559,-101.265846,0
Aaron,376028110684021,2019-01-01 01:02:16,fraud_Wolf Inc,89.11,624 Hale Springs Apt. 572,Meadville,MO,1cb03ad950bab1ca74b02500644ec1ba,40.773306,-92.821257,0
Aaron,4958589671582726883,2019-01-01 01:38:31,fraud_Powlowski-Weimann,187.27,793 Hooper Tunnel Suite 154,Burke,VA,5476b80d8bdaa67fea1537b64eeb1f15,38.301944,-76.507232,0
Aaron,4958589671582726883,2019-01-01 02:43:50,"fraud_Lockman, West and Runte",79.96,793 Hooper Tunnel Suite 154,Burke,VA,81581c7d84dab0fd6f492fc274fdeb57,38.293496000000005,-77.544774,0
Aaron,376028110684021,2019-01-01 07:39:00,fraud_Harris Inc,68.85,624 Hale Springs Apt. 572,Meadville,MO,f555a9523ee3b2dcb0bdb6ed459deb03,38.795002,-94.219522,0
Aaron,4958589671582726883,2019-01-01 10:48:26,fraud_Rempel PLC,55.95,793 Hooper Tunnel Suite 154,Burke,VA,dd678f60720c82d31378270dbe55f0da,38.465027,-78.069149,0
Aaron,376028110684021,2019-01-01 12:04:54,fraud_Schimmel-Olson,47.96,624 Hale Springs Apt. 572,Meadville,MO,522e4b449157a7b1e1b25a1710bca3d4,39.206677,-93.033773,0
Aaron,376028110684021,2019-01-01 13:14:46,fraud_Kub-Heaney,77.51,624 Hale Springs Apt. 572,Meadville,MO,38c33070fc07654c5b17d81704baded1,40.759427,-93.539051,0
Aaron,4228411452607671,2019-01-01 13:28:46,fraud_Botsford Ltd,8.5,400 Zuniga Pine,Winthrop,ME,c6b46e9795aa4aef2903bc4324ca7d3d,43.62254,-70.062085,0
Aaron,376028110684021,2019-01-01 18:14:30,fraud_Kessler Inc,461.28,624 Hale Springs Apt. 572,Meadville,MO,b0c876de8b09c9879fe1c61d7495a02e,39.656496,-92.400368,0
Aaron,4228411452607671,2019-01-01 18:28:56,"fraud_Lehner, Reichert and Mills",11.64,400 Zuniga Pine,Winthrop,ME,db49055d729ff0c6da94070c94c3a544,45.202294,-69.74502,0
Aaron,4958589671582726883,2019-01-01 19:06:37,fraud_Erdman-Schaden,1.24,793 Hooper Tunnel Suite 154,Burke,VA,54b1d77b9ee6639da427de1bad7b1fc7,39.445429,-76.67349399999999,0
Aaron,376028110684021,2019-01-01 20:02:20,"fraud_Torp, Muller and Borer",71.62,624 Hale Springs Apt. 572,Meadville,MO,1178f236bbf9ada6fcc79ac89567c202,40.146224,-94.021024,0
Aaron,376028110684021,2019-01-01 21:52:04,fraud_Friesen Ltd,73.34,624 Hale Springs Apt. 572,Meadville,MO,cc1f80dd32590651843a441568c30bc8,40.54555,-93.579812,0
Aaron,4958589671582726883,2019-01-02 00:19:19,"fraud_Feil, Hilpert and Koss",108.77,793 Hooper Tunnel Suite 154,Burke,VA,f6d44e5ce3880a8b7a3237ede62f1d8f,38.428421,-78.076652,0
Aaron,4958589671582726883,2019-01-02 05:14:58,fraud_O'Hara-Wilderman,37.8,793 Hooper Tunnel Suite 154,Burke,VA,16c62121d36ad0b6d2d37885eabcb313,39.505067,-77.598965,0
Aaron,4958589671582726883,2019-01-02 17:18:16,"fraud_Torp, Muller and Borer",6.89,793 Hooper Tunnel Suite 154,Burke,VA,be6f624ec867e8c0f6c4ca6e3f89ac12,39.191625,-77.090912,0
Aaron,376028110684021,2019-01-02 21:25:21,fraud_Gleason and Sons,52.93,624 Hale Springs Apt. 572,Meadville,MO,595e0b1eb74e47351c389cac87a4aad1,40.268086,-93.487631,0
Aaron,376028110684021,2019-01-03 02:18:11,fraud_Torp-Labadie,74.27,624 Hale Springs Apt. 572,Meadville,MO,35360885daee0474feadebaac9ad1e1f,39.440185,-93.093834,0
Aaron,4958589671582726883,2019-01-03 03:21:57,"fraud_Lakin, Ferry and Beatty",40.68,793 Hooper Tunnel Suite 154,Burke,VA,005868e1d97878ae20116daa87ef16f2,38.577655,-76.810264,0
Aaron,4260059589824237,2019-01-03 04:33:45,"fraud_Jenkins, Hauck and Friesen",63.91,969 Huerta Path Apt. 270,Valentine,NE,4e992c495a5c1d210bbbb7a4a0e1d5e0,43.239699,-100.069799,0
Aaron,376028110684021,2019-01-03 07:54:40,fraud_Durgan-Auer,116.26,624 Hale Springs Apt. 572,Meadville,MO,8281ea19805947671f43116c84270b3b,39.35483,-92.620834,0
Aaron,4958589671582726883,2019-01-03 10:17:37,fraud_Goyette Inc,4.73,793 Hooper Tunnel Suite 154,Burke,VA,00a262aff95c469111e0151b872cc80b,38.591583,-77.319935,0
Aaron,4228411452607671,2019-01-03 16:39:57,fraud_Gaylord-Powlowski,30.56,400 Zuniga Pine,Winthrop,ME,5fa4776a524aa730754162d1551da3e2,44.786811,-69.630557,0
Aaron,4958589671582726883,2019-01-05 08:50:57,"fraud_Nitzsche, Kessler and Wolff",6.53,793 Hooper Tunnel Suite 154,Burke,VA,3d2605f8fa184735e93919be881b4993,37.825577,-76.958316,0
Aaron,376028110684021,2019-01-05 10:45:24,fraud_Smitham-Schiller,50.38,624 Hale Springs Apt. 572,Meadville,MO,182aa8119d328680a8c1a5f0dbc3f574,39.035472,-94.241671,0
Aaron,376028110684021,2019-01-05 14:49:34,fraud_Fahey Inc,47.05,624 Hale Springs Apt. 572,Meadville,MO,25fae4f8973e3082570b669808ed61a7,40.248695,-92.796378,0
Aaron,4958589671582726883,2019-01-05 15:04:06,fraud_Osinski Inc,113.31,793 Hooper Tunnel Suite 154,Burke,VA,8182edbea55605e1c0669786896cd4e9,39.036834000000006,-76.917363,0
Aaron,4260059589824237,2019-01-05 15:27:35,"fraud_O'Reilly, Mohr and Purdy",9.49,969 Huerta Path Apt. 270,Valentine,NE,0152a518bcbc8a58df95540cfb9f1d9c,42.034415,-100.555041,0
Aaron,376028110684021,2019-01-05 16:21:24,fraud_Stark-Koss,79.72,624 Hale Springs Apt. 572,Meadville,MO,afb3e3911ec4294c046b2b333b57e7fc,39.035852,-93.730058,0
Aaron,376028110684021,2019-01-06 05:01:12,"fraud_Quitzon, Green and Bashirian",123.04,624 Hale Springs Apt. 572,Meadville,MO,37d41dc4452e19d78f5c4c9b70d24ce6,39.92228,-92.730836,0
Aaron,4958589671582726883,2019-01-06 05:48:48,fraud_Kuvalis Ltd,79.19,793 Hooper Tunnel Suite 154,Burke,VA,cbb49423ee148d2a30dad69de1291ea1,39.122303,-76.792574,0
Aaron,376028110684021,2019-01-06 11:57:50,fraud_Pacocha-Bauch,148.02,624 Hale Springs Apt. 572,Meadville,MO,258d47d2df0ef9110a6323593a04e29e,40.745591,-93.30758,0
Aaron,4958589671582726883,2019-01-06 12:59:36,"fraud_Ritchie, Oberbrunner and Cremin",7.8,793 Hooper Tunnel Suite 154,Burke,VA,0dbd6717d3d871a39d56dce183809479,38.218466,-77.162752,0
Aaron,4958589671582726883,2019-01-06 13:43:21,fraud_Swift PLC,69.59,793 Hooper Tunnel Suite 154,Burke,VA,e2fbb6fef60cbcc24cf7c1b81c3afd5c,38.036668,-76.881591,0
Aaron,4958589671582726883,2019-01-06 22:52:24,"fraud_Weber, Thiel and Hammes",79.21,793 Hooper Tunnel Suite 154,Burke,VA,c40575993063e20f6316e32c318f54f7,38.271217,-76.674578,0
Aaron,376028110684021,2019-01-07 02:12:15,"fraud_Bins, Balistreri and Beatty",118.94,624 Hale Springs Apt. 572,Meadville,MO,c83fb12595cc9c6495e4c505dcf9d6d8,40.407661,-94.230884,0
Aaron,4958589671582726883,2019-01-07 03:28:48,fraud_Conroy-Emard,32.45,793 Hooper Tunnel Suite 154,Burke,VA,60ec9d395ba17e076369b9856de73ebd,39.361659,-76.727179,0
Aaron,376028110684021,2019-01-07 09:34:13,"fraud_Lockman, West and Runte",124.7,624 Hale Springs Apt. 572,Meadville,MO,50a46563bb89ff2e7556830279114153,40.388165,-93.58892,0
Aaron,376028110684021,2019-01-07 14:41:36,fraud_Nader-Maggio,83.9,624 Hale Springs Apt. 572,Meadville,MO,0f73e7543293d2465c5c425181eeee99,39.526502,-94.094282,0
Aaron,376028110684021,2019-01-07 18:19:28,fraud_Kub PLC,69.49,624 Hale Springs Apt. 572,Meadville,MO,3be16036c685f344bdc4abc0de763233,39.037125,-92.527709,0
Aaron,4228411452607671,2019-01-07 21:25:32,"fraud_Ruecker, Beer and Collier",3.07,400 Zuniga Pine,Winthrop,ME,a9c43759c50f8e108bbfed3f0c3c5b96,45.322023,-69.918428,0
Aaron,4958589671582726883,2019-01-07 21:34:27,fraud_Quitzon-Goyette,24.08,793 Hooper Tunnel Suite 154,Burke,VA,8c8b754a0ccdc6695556e9da2088de66,39.082302,-77.21773,0
Aaron,376028110684021,2019-01-08 00:32:56,fraud_Marks Inc,69.79,624 Hale Springs Apt. 572,Meadville,MO,c18fd5678ddbca9616e79dbea9fc1d94,39.891277,-93.114237,0
Aaron,4958589671582726883,2019-01-08 00:39:40,"fraud_Turcotte, McKenzie and Koss",105.8,793 Hooper Tunnel Suite 154,Burke,VA,67fe032a7e0de931a51da94fd4414e38,38.072275,-76.942357,0
Aaron,376028110684021,2019-01-08 06:51:04,"fraud_Cremin, Hamill and Reichel",29.84,624 Hale Springs Apt. 572,Meadville,MO,d12dcf5a3080ba4289a34ff51aed04d8,39.047318,-94.148179,0
Aaron,4958589671582726883,2019-01-08 08:47:15,fraud_Wilkinson Ltd,58.58,793 Hooper Tunnel Suite 154,Burke,VA,4367072400e0d09506c224691a5fbace,39.649008,-77.23718000000001,0
Aaron,376028110684021,2019-01-08 09:54:36,"fraud_Okuneva, Schneider and Rau",152.19,624 Hale Springs Apt. 572,Meadville,MO,7958d649f894899c9936ee321accbdc9,40.662462,-93.103901,0
Aaron,376028110684021,2019-01-08 10:22:54,fraud_Kemmer-Buckridge,45.51,624 Hale Springs Apt. 572,Meadville,MO,427c15b45e732a06be6481c086daa171,38.956273,-92.41252,0
Aaron,376028110684021,2019-01-08 14:20:05,"fraud_O'Connell, Botsford and Hand",82.28,624 Hale Springs Apt. 572,Meadville,MO,9d7b371a4dc00cf9f776252248bb0953,40.097671000000005,-92.915131,0
Aaron,4228411452607671,2019-01-08 14:29:50,fraud_Wiza LLC,1.94,400 Zuniga Pine,Winthrop,ME,0e9c77da681338f0c631da3c2e65e898,44.678943,-70.858331,0
Aaron,376028110684021,2019-01-09 05:37:59,fraud_Sporer Inc,63.6,624 Hale Springs Apt. 572,Meadville,MO,9fcf0f15f8ac3007a7498a6045586061,40.481485,-92.898082,0
Aaron,376028110684021,2019-01-09 17:58:12,"fraud_Konopelski, Schneider and Hartmann",54.88,624 Hale Springs Apt. 572,Meadville,MO,0436e609299e8ea9362232713b2f7315,39.853439,-92.497708,0
Aaron,376028110684021,2019-01-10 12:27:25,fraud_Gerhold LLC,60.23,624 Hale Springs Apt. 572,Meadville,MO,e9377c1f384e6bb867e19ca6ed078a59,39.250838,-92.505401,0
Aaron,4260059589824237,2019-01-10 14:42:52,"fraud_Walter, Hettinger and Kessler",77.21,969 Huerta Path Apt. 270,Valentine,NE,e37373aa64cc564c662b5902218909fb,42.082189,-101.426243,0
Aaron,376028110684021,2019-01-10 14:49:28,fraud_Stark-Batz,82.16,624 Hale Springs Apt. 572,Meadville,MO,0b3cdd19b54d51ac7ab8613f557864a3,39.310831,-93.386062,0
Aaron,376028110684021,2019-01-10 16:09:19,fraud_Kutch-Wilderman,73.96,624 Hale Springs Apt. 572,Meadville,MO,c19de791a50a8f4d742edfd770635be9,38.929213,-93.377844,0
Aaron,376028110684021,2019-01-10 18:09:10,"fraud_Hintz, Bauch and Smith",78.08,624 Hale Springs Apt. 572,Meadville,MO,2882239a554a413ff2dfc182c117e50d,38.918519,-93.447007,0
Aaron,4958589671582726883,2019-01-11 04:49:01,fraud_Kilback LLC,112.99,793 Hooper Tunnel Suite 154,Burke,VA,a021c94cae14e23c989843a126e3e1ed,39.290057,-77.680307,0
Aaron,376028110684021,2019-01-11 09:21:54,fraud_Deckow-O'Conner,111.13,624 Hale Springs Apt. 572,Meadville,MO,f18bc1a170fc60af6aee76603500697a,38.949084,-92.398145,0
Aaron,376028110684021,2019-01-11 12:13:59,"fraud_O'Reilly, Mohr and Purdy",85.83,624 Hale Springs Apt. 572,Meadville,MO,4b8f488dc045765ebc7caed334b4ba55,39.682646000000005,-94.042874,0
Aaron,376028110684021,2019-01-11 14:41:12,fraud_Bins-Tillman,75.12,624 Hale Springs Apt. 572,Meadville,MO,fb9d936d3b84c2d08a7ff279ffdd6ebd,40.22855,-93.310798,0
Aaron,4958589671582726883,2019-01-12 04:55:50,fraud_Frami Group,3.37,793 Hooper Tunnel Suite 154,Burke,VA,1a5bb0e0744930824442554037c04a62,38.741465000000005,-76.879572,0
Aaron,4958589671582726883,2019-01-12 08:21:09,fraud_Harris Inc,86.09,793 Hooper Tunnel Suite 154,Burke,VA,920c115bc103fd57ff4264d3885d0d68,37.924272,-77.170573,0
Aaron,376028110684021,2019-01-12 10:45:21,fraud_Deckow-O'Conner,109.21,624 Hale Springs Apt. 572,Meadville,MO,d7396eeaf424465b10f0f07c4a80cfb4,40.181008,-92.760015,0
Aaron,376028110684021,2019-01-12 11:51:42,"fraud_Weimann, Kuhic and Beahan",115.94,624 Hale Springs Apt. 572,Meadville,MO,5aa437d0b87ea3b46e3d17d390e14849,39.636721,-94.146685,0
Aaron,376028110684021,2019-01-12 12:41:25,fraud_Emmerich-Rau,79.83,624 Hale Springs Apt. 572,Meadville,MO,317ccb500b88a035280e5dc28cbb8361,39.857083,-92.475115,0
Aaron,4260059589824237,2019-01-12 14:39:12,fraud_Brown Inc,56.71,969 Huerta Path Apt. 270,Valentine,NE,b0f8b2b4b3088f257bea830e679030d9,43.291233,-100.111819,0
Aaron,376028110684021,2019-01-12 20:17:21,fraud_Heller PLC,79.16,624 Hale Springs Apt. 572,Meadville,MO,748d642941122f8e775ea2e9dae80541,40.100104,-93.133016,0
Aaron,4958589671582726883,2019-01-12 22:59:42,fraud_Stark-Koss,63.79,793 Hooper Tunnel Suite 154,Burke,VA,4fc00cf217715cb57dcf685aaa593a69,38.654623,-77.97106600000001,0
Aaron,4260059589824237,2019-01-13 00:24:34,fraud_Cormier LLC,6.76,969 Huerta Path Apt. 270,Valentine,NE,88a8512b4156d34cca431a0f0af56fad,43.222286,-100.798748,0
Aaron,4958589671582726883,2019-01-13 11:38:05,fraud_Mraz-Herzog,84.83,793 Hooper Tunnel Suite 154,Burke,VA,71ef64fdb9f0c0a4c747821e96f0be45,39.195785,-78.253828,0
Aaron,376028110684021,2019-01-13 11:48:06,fraud_Kutch-Hegmann,45.47,624 Hale Springs Apt. 572,Meadville,MO,29c45ed7c58805bafdf666acd54b80d0,38.946638,-93.731214,0
Aaron,4958589671582726883,2019-01-13 12:43:32,fraud_Tromp Group,1.68,793 Hooper Tunnel Suite 154,Burke,VA,7b6ed0ddc8b7055c43486efb5a8c4a4b,37.859815000000005,-77.017163,0
Aaron,4228411452607671,2019-01-13 14:08:16,"fraud_Romaguera, Wehner and Tromp",29.58,400 Zuniga Pine,Winthrop,ME,6b548ec5d0ec72036abb2e7fad19a9e5,43.547896,-69.938086,0
Aaron,376028110684021,2019-01-13 17:37:55,fraud_Breitenberg-Hermiston,56.26,624 Hale Springs Apt. 572,Meadville,MO,3fedb2501458c54b82c4db4c40704b4e,39.702846,-92.976527,0
Aaron,4958589671582726883,2019-01-13 19:33:14,fraud_Pollich LLC,105.83,793 Hooper Tunnel Suite 154,Burke,VA,880b69764a9c2c8201eec1223900d22a,38.696586,-77.636725,0
Aaron,4228411452607671,2019-01-13 21:10:28,fraud_Zboncak Ltd,1.27,400 Zuniga Pine,Winthrop,ME,a7f2f527aa05aafa2de1137f899db9c3,43.946395,-69.110602,0
Aaron,376028110684021,2019-01-13 23:23:20,fraud_Upton PLC,72.62,624 Hale Springs Apt. 572,Meadville,MO,180e288ded9e843b8396d2489e438610,40.355081,-92.66499,0
Aaron,4228411452607671,2019-01-13 23:27:17,fraud_Effertz LLC,58.77,400 Zuniga Pine,Winthrop,ME,e9f53f1f6072f48f3dfa715596d06e16,44.250443,-70.53496,0
Aaron,376028110684021,2019-01-14 03:44:51,fraud_Kutch-Hegmann,53.96,624 Hale Springs Apt. 572,Meadville,MO,9ab4251a8c70fb75c2807b601f263ed4,40.713025,-92.925652,0
Aaron,376028110684021,2019-01-14 06:51:58,"fraud_Terry, Johns and Bins",39.44,624 Hale Springs Apt. 572,Meadville,MO,e91a8f7219866f606a2faef9467825f7,39.734647,-93.425262,0
Aaron,4958589671582726883,2019-01-14 10:33:51,fraud_Mraz-Herzog,58.24,793 Hooper Tunnel Suite 154,Burke,VA,bd39fd08780675f75407799b251b74c0,38.850454,-78.080873,0
Aaron,376028110684021,2019-01-14 22:35:37,fraud_Bednar PLC,55.13,624 Hale Springs Apt. 572,Meadville,MO,1f3a167af46c081563077daa873f2d69,40.371731,-93.705926,0
Aaron,4958589671582726883,2019-01-15 00:08:57,fraud_Rutherford-Mertz,129.62,793 Hooper Tunnel Suite 154,Burke,VA,00b83e0d50d5eed22816916769bbf0ab,39.194228,-76.83233100000001,0
Aaron,4228411452607671,2019-01-15 01:49:27,fraud_Bernhard Inc,66.12,400 Zuniga Pine,Winthrop,ME,12ce2e38891ceb3b52330ef35c80fe18,44.409844,-70.76001600000001,0
Aaron,4228411452607671,2019-01-15 02:57:29,fraud_Rempel PLC,36.72,400 Zuniga Pine,Winthrop,ME,e10cf7ad256e390f6a9bf35e1204bc15,43.946465,-69.245918,0
Aaron,4958589671582726883,2019-01-15 04:24:28,fraud_Jast-McDermott,300.23,793 Hooper Tunnel Suite 154,Burke,VA,630cc3ac667905fcae78ee6d4db2a6d4,39.596717,-76.841601,0
Aaron,376028110684021,2019-01-15 07:49:42,"fraud_Goyette, Howell and Collier",133.75,624 Hale Springs Apt. 572,Meadville,MO,1fef169d20db770ce00a61f8e41af23b,40.542157,-93.644054,0
Aaron,4958589671582726883,2019-01-15 07:55:07,fraud_Wolf Inc,110.89,793 Hooper Tunnel Suite 154,Burke,VA,b819604caca5f90fe251c1ee404e42cf,38.253575,-78.026798,0
Aaron,4260059589824237,2019-01-15 10:00:20,"fraud_Tillman, Dickinson and Labadie",83.77,969 Huerta Path Apt. 270,Valentine,NE,87e44449688c409dede21dd75c2dd147,42.584911,-100.703297,0
Aaron,4260059589824237,2019-01-15 11:15:51,fraud_Weber and Sons,54.71,969 Huerta Path Apt. 270,Valentine,NE,a9778595e439a05940e791925f1e5274,42.019963,-100.36861,0
Aaron,4228411452607671,2019-01-15 13:39:33,fraud_Lynch-Wisozk,37.24,400 Zuniga Pine,Winthrop,ME,267c0ac74f5e20c68604fe29de8b84fd,43.401986,-70.349638,0
Aaron,4260059589824237,2019-01-15 19:44:13,fraud_Botsford PLC,47.17,969 Huerta Path Apt. 270,Valentine,NE,a7345921a78b8953d91a89e25de36499,42.321623,-99.670083,0
Aaron,4228411452607671,2019-01-15 23:21:35,"fraud_Reichert, Huels and Hoppe",4.11,400 Zuniga Pine,Winthrop,ME,ec11ece4ef26c1e36e446ca4b48df1b7,44.922407,-70.921098,0
Aaron,376028110684021,2019-01-16 11:41:55,"fraud_Osinski, Ledner and Leuschke",90.23,624 Hale Springs Apt. 572,Meadville,MO,7fc6bdb0ebb0f97722cad355ad0f4131,40.671584,-92.477323,0
Aaron,4958589671582726883,2019-01-16 16:20:12,fraud_Eichmann-Kilback,104.65,793 Hooper Tunnel Suite 154,Burke,VA,ce683beba5350aa6c59ce75495b9c004,39.38775,-76.57627099999999,0
Aaron,4228411452607671,2019-01-16 19:41:45,"fraud_Runte, Green and Emard",10.12,400 Zuniga Pine,Winthrop,ME,cb37cdcf5bcc36b096e34d09a085e380,43.526853,-70.168357,0
Aaron,4260059589824237,2019-01-17 10:30:27,fraud_Bruen-Yost,6.7,969 Huerta Path Apt. 270,Valentine,NE,fdf6a6672f59756a39e02bf89a6810ae,42.342623,-100.875235,0
Aaron,376028110684021,2019-01-18 11:04:58,"fraud_Okuneva, Schneider and Rau",133.37,624 Hale Springs Apt. 572,Meadville,MO,146dd89d1930d63ced2356db8a1dbc4c,40.607953,-92.401128,0
Aaron,4958589671582726883,2019-01-18 11:31:22,fraud_Lebsack and Sons,16.05,793 Hooper Tunnel Suite 154,Burke,VA,b5cd93629ac82eaa243c39c5b024d163,37.832698,-77.547445,0
Aaron,376028110684021,2019-01-18 12:12:19,fraud_Barton LLC,50.29,624 Hale Springs Apt. 572,Meadville,MO,9a994fcd0f384b9b380ee4d0de3bbe90,39.963174,-92.705051,0
Aaron,376028110684021,2019-01-18 13:13:56,fraud_Stiedemann Ltd,59.02,624 Hale Springs Apt. 572,Meadville,MO,c54ec00c86f0915388b0e4370b57bf8a,40.051986,-92.53244,0
Aaron,376028110684021,2019-01-18 22:57:08,"fraud_Parker, Nolan and Trantow",92.18,624 Hale Springs Apt. 572,Meadville,MO,5decf9c33c167067c01466ed7c960e37,39.389398,-93.711373,0
Aaron,376028110684021,2019-01-20 01:00:06,"fraud_Stehr, Jewess and Schimmel",90.26,624 Hale Springs Apt. 572,Meadville,MO,758c4a5e5b0bd5ca745461c06e1510d5,38.904059,-93.070558,0
Aaron,376028110684021,2019-01-20 03:22:11,"fraud_Bernhard, Grant and Langworth",126.75,624 Hale Springs Apt. 572,Meadville,MO,29f12416dc1290e2c948e55eac0054b0,40.319098,-92.579534,0
Aaron,4958589671582726883,2019-01-20 17:59:17,fraud_Bode-Schuster,218.56,793 Hooper Tunnel Suite 154,Burke,VA,ea39dec9b2295dccf5576ea12a57bf15,38.785294,-78.234778,0
Aaron,4958589671582726883,2019-01-20 20:41:06,fraud_Ullrich Ltd,48.48,793 Hooper Tunnel Suite 154,Burke,VA,4f54de40f030641b34666c742529aa0f,38.122082,-77.589025,0
Aaron,376028110684021,2019-01-21 11:52:51,fraud_Boyer-Reichert,100.42,624 Hale Springs Apt. 572,Meadville,MO,2a611dc56d12b195c60d830a2c1ccd5a,40.202695,-93.378622,0
Aaron,376028110684021,2019-01-21 15:19:35,fraud_Reilly LLC,69.37,624 Hale Springs Apt. 572,Meadville,MO,b82892f86186ea87ed858a1a2f40231f,39.691594,-92.999632,0
Aaron,4228411452607671,2019-01-21 17:05:50,fraud_Mayert Group,1.94,400 Zuniga Pine,Winthrop,ME,8ca525498b720a5e2e38ec7c5632e9fa,44.356928,-69.886649,0
Aaron,376028110684021,2019-01-21 17:57:54,fraud_Monahan-Morar,82.11,624 Hale Springs Apt. 572,Meadville,MO,25269b87cfe797947e7a859ba02bb1e5,39.576606,-94.025218,0
Aaron,376028110684021,2019-01-21 18:46:15,fraud_Kertzmann LLC,78.25,624 Hale Springs Apt. 572,Meadville,MO,d95baadab419230ad3f9a6c989c578f3,39.075461,-92.626988,0
Aaron,4958589671582726883,2019-01-21 21:14:25,fraud_Terry Ltd,20.22,793 Hooper Tunnel Suite 154,Burke,VA,79700cfcc1e615b2a717da99231eb862,38.285429,-76.680092,0
Aaron,4260059589824237,2019-01-22 03:58:40,fraud_Bogisich Inc,98.09,969 Huerta Path Apt. 270,Valentine,NE,1086473da723f38b935710a0a1b700ac,42.867835,-100.337751,0
Aaron,4958589671582726883,2019-01-22 11:26:06,fraud_Prohaska-Murray,71.98,793 Hooper Tunnel Suite 154,Burke,VA,012e6c83c7ed89657150c38735026607,39.2812,-77.928207,0
Aaron,376028110684021,2019-01-22 16:50:17,fraud_Kihn-Fritsch,63.25,624 Hale Springs Apt. 572,Meadville,MO,364b429f96ea2973ca100e1d1b476353,39.267442,-92.643415,0
Aaron,4958589671582726883,2019-01-22 19:59:03,fraud_Crona and Sons,70.71,793 Hooper Tunnel Suite 154,Burke,VA,afaa40b5b6b60c7b3215b994c53c2f0f,38.835024,-77.539998,0
Aaron,376028110684021,2019-01-22 20:06:31,"fraud_Konopelski, Schneider and Hartmann",61.88,624 Hale Springs Apt. 572,Meadville,MO,dd1feaf37b5337f7efb9b5461c6598b6,39.666533,-92.625617,0
Aaron,376028110684021,2019-01-22 20:12:43,fraud_Morissette LLC,82.72,624 Hale Springs Apt. 572,Meadville,MO,a47233ea10089f4896913be1ab914452,40.108329,-93.840958,0
Aaron,4958589671582726883,2019-01-23 17:44:03,fraud_Gaylord-Powlowski,41.28,793 Hooper Tunnel Suite 154,Burke,VA,d713c056813f5f12327d199e6360183c,38.208211,-78.213181,0
Aaron,376028110684021,2019-01-24 12:41:08,fraud_O'Keefe-Wisoky,68.96,624 Hale Springs Apt. 572,Meadville,MO,6d1a3ffb049059473c73fdc38a8dee2f,39.697811,-93.947253,0
Aaron,376028110684021,2019-01-24 18:04:24,fraud_Reilly and Sons,73.02,624 Hale Springs Apt. 572,Meadville,MO,67fff7d3c0a868f70099db2287e615d7,39.625173,-93.229236,0
Aaron,4958589671582726883,2019-01-25 00:16:00,fraud_Kris-Weimann,45.69,793 Hooper Tunnel Suite 154,Burke,VA,8e7757cb7cde197c98171e67a30b67e6,38.312168,-78.157354,0
Aaron,376028110684021,2019-01-25 12:31:13,"fraud_Schiller, Blanda and Johnson",94.37,624 Hale Springs Apt. 572,Meadville,MO,5304f1419ff5256f35128acc13330ae5,38.860869,-92.753689,0
Aaron,376028110684021,2019-01-25 14:21:22,"fraud_Wuckert, Wintheiser and Friesen",83.22,624 Hale Springs Apt. 572,Meadville,MO,61f3bc2ff764dfef6296e112eb0c7b0c,40.145878,-93.236054,0
Aaron,376028110684021,2019-01-25 17:47:38,fraud_Fadel-Hilpert,74.77,624 Hale Springs Apt. 572,Meadville,MO,b00702cbae93e80cd2fc053409b296b6,40.25458,-94.055706,0
Aaron,376028110684021,2019-01-25 22:21:13,fraud_Schoen-Quigley,44.94,624 Hale Springs Apt. 572,Meadville,MO,46d7d00fd8ff3fe014dc2d388562ea29,39.954069,-93.344273,0
Aaron,4228411452607671,2019-01-25 22:44:58,fraud_Abshire PLC,3.76,400 Zuniga Pine,Winthrop,ME,60c2b1917cc01203ac0b9f1739642ab3,43.96022,-69.699912,0
Aaron,4958589671582726883,2019-01-25 23:50:12,fraud_Schoen-Quigley,75.55,793 Hooper Tunnel Suite 154,Burke,VA,fc9c32457f509ec2687cd05aafbe169f,39.138076,-78.122479,0
Aaron,4958589671582726883,2019-01-26 02:44:24,fraud_Bednar Group,5.15,793 Hooper Tunnel Suite 154,Burke,VA,e04ade6f397856a1a927c1ad32887054,38.165238,-76.684979,0
Aaron,376028110684021,2019-01-26 08:01:14,"fraud_Osinski, Ledner and Leuschke",93.02,624 Hale Springs Apt. 572,Meadville,MO,a47cd7738f4449e2a15b1ee7c77eba7c,40.031502,-94.253511,0
Aaron,376028110684021,2019-01-26 14:53:31,"fraud_Berge, Kautzer and Harris",73.03,624 Hale Springs Apt. 572,Meadville,MO,536bbb99874ed12f318a7e880e27e63f,40.340243,-92.985775,0
Aaron,376028110684021,2019-01-26 18:37:31,fraud_Hyatt-Blick,483.31,624 Hale Springs Apt. 572,Meadville,MO,92fd36056af747c7e953e0695e5e279a,38.987865,-94.172172,0
Aaron,4958589671582726883,2019-01-26 18:48:46,"fraud_Hettinger, McCullough and Fay",16.94,793 Hooper Tunnel Suite 154,Burke,VA,ae9fd3e9d56492f627ced83fcb408d9d,39.038409,-78.099319,0
Aaron,376028110684021,2019-01-26 20:51:54,"fraud_Mante, Luettgen and Hackett",76.1,624 Hale Springs Apt. 572,Meadville,MO,2ea591913ce8055dd95d238e875201e8,39.356314000000005,-93.0914,0
Aaron,4228411452607671,2019-01-26 22:15:19,fraud_Reilly LLC,80.76,400 Zuniga Pine,Winthrop,ME,170594257690094a2eaf023506ac9c41,44.420976,-69.172972,0
Aaron,376028110684021,2019-01-27 03:44:14,fraud_Dickinson Ltd,29.8,624 Hale Springs Apt. 572,Meadville,MO,78080620d0af82df38a301225e31d6b3,40.351171,-92.40552,0
Aaron,4958589671582726883,2019-01-27 03:47:35,fraud_Sawayn PLC,6.62,793 Hooper Tunnel Suite 154,Burke,VA,c0c5dc3e7cf54f9ae11c912b002d3ead,38.895781,-77.284972,0
Aaron,376028110684021,2019-01-27 04:29:08,fraud_Barton Inc,111.34,624 Hale Springs Apt. 572,Meadville,MO,49eace8648acb919807e659544f4756f,39.739081,-92.682576,0
Aaron,376028110684021,2019-01-27 05:32:50,fraud_Doyle Ltd,94.57,624 Hale Springs Apt. 572,Meadville,MO,624a09a2f3e6bb7aed61f927562de815,40.4283,-93.6989,0
Aaron,376028110684021,2019-01-27 10:48:57,fraud_Williamson LLC,35.21,624 Hale Springs Apt. 572,Meadville,MO,04528eaafc4bb35f9cd4cdbc7ba04939,38.867249,-94.029441,0
Aaron,4228411452607671,2019-01-27 11:03:51,fraud_Ledner-Pfannerstill,59.77,400 Zuniga Pine,Winthrop,ME,f3a216dbb8d4e0bc053e96b360fd62a5,44.3307,-70.112313,0
Aaron,4958589671582726883,2019-01-27 13:38:36,"fraud_Romaguera, Wehner and Tromp",42.51,793 Hooper Tunnel Suite 154,Burke,VA,a9f21239084bd1ea03846349ae05e43b,38.178451,-77.391602,0
Aaron,4260059589824237,2019-01-27 20:08:41,fraud_O'Connell-Ullrich,99.6,969 Huerta Path Apt. 270,Valentine,NE,eaeeac5f71f1c4ddc58a0322ab9a9d54,43.528719,-100.134244,0
Aaron,376028110684021,2019-01-27 20:39:33,fraud_Berge-Hills,55.27,624 Hale Springs Apt. 572,Meadville,MO,e34f49077f575e56b2cd891c2f71fbaf,40.249585,-93.346976,0
Aaron,4228411452607671,2019-01-27 21:33:33,fraud_Kutch-Wilderman,107.09,400 Zuniga Pine,Winthrop,ME,40e48b541dc44129d9f676eeed54b8a2,44.185492,-69.392567,0
Aaron,4958589671582726883,2019-01-28 02:59:50,"fraud_Reichert, Rowe and Mraz",5.66,793 Hooper Tunnel Suite 154,Burke,VA,67a6c0ff31f0bd4afb11c6627b6a8e48,37.940545,-76.45357800000001,0
Aaron,4260059589824237,2019-01-28 03:03:08,fraud_Kuvalis Ltd,69.05,969 Huerta Path Apt. 270,Valentine,NE,868b7216b5ec446512916ff988405c67,43.009777,-100.503779,0
Aaron,4958589671582726883,2019-01-28 04:12:23,fraud_Mayert Group,14.92,793 Hooper Tunnel Suite 154,Burke,VA,7d54426ca238b220d2898259d41ccddd,38.635465,-76.801957,0
Aaron,4958589671582726883,2019-01-28 04:45:13,"fraud_Stroman, Hudson and Erdman",85.36,793 Hooper Tunnel Suite 154,Burke,VA,31c70c6f21e8bc269ed067b5f9fdc349,39.370498,-77.77883,0
Aaron,376028110684021,2019-01-28 04:55:17,"fraud_Huel, Hammes and Witting",103.9,624 Hale Springs Apt. 572,Meadville,MO,a2f84ca41c5efea8688afc05c9aee07a,39.233067,-92.805735,0
Aaron,4958589671582726883,2019-01-28 07:50:36,fraud_Gislason Group,8.03,793 Hooper Tunnel Suite 154,Burke,VA,c124019c1f11d82d62ddac6dd94d9ff1,39.084753000000006,-77.353092,0
Aaron,4958589671582726883,2019-01-28 10:48:44,fraud_Turcotte-Halvorson,6.92,793 Hooper Tunnel Suite 154,Burke,VA,8788d8f99f3570f08b01b2d208b71d51,38.484751,-77.239609,0
Aaron,4958589671582726883,2019-01-28 19:45:29,"fraud_Bradtke, Torp and Bahringer",50.76,793 Hooper Tunnel Suite 154,Burke,VA,fb0fe5ebfca73ed54a58a382823e2039,38.758231,-77.46386600000001,0
Aaron,376028110684021,2019-01-28 20:09:40,fraud_Kris-Kertzmann,415.77,624 Hale Springs Apt. 572,Meadville,MO,d4b3fa6802fa8d2f83c149fb80495e00,39.974852,-94.186038,0
Aaron,4958589671582726883,2019-01-28 22:05:34,"fraud_Bahringer, Bergnaum and Quitzon",51.74,793 Hooper Tunnel Suite 154,Burke,VA,e8b7100cd15feec0fafe81db2cb33b41,38.294554,-77.75788299999999,0
Aaron,376028110684021,2019-01-28 22:48:43,fraud_Berge-Ullrich,69.52,624 Hale Springs Apt. 572,Meadville,MO,e7a7dd50e513ffe4b122dbb234692a62,39.751007,-93.681155,0
Aaron,4228411452607671,2019-01-28 23:49:32,"fraud_Bahringer, Osinski and Block",80.23,400 Zuniga Pine,Winthrop,ME,54025c508789c7b9d8dd696ba1b00504,44.07384,-70.170014,0
Aaron,376028110684021,2019-01-29 09:48:13,fraud_Terry-Huel,104.6,624 Hale Springs Apt. 572,Meadville,MO,7805a6c4907a82373701b56d57d1656b,40.250767,-92.652805,0
Aaron,4958589671582726883,2019-01-29 12:07:42,"fraud_Kling, Howe and Schneider",10.52,793 Hooper Tunnel Suite 154,Burke,VA,5aca537d1001a4edf679c0ba492f0e93,38.361407,-76.393869,0
Aaron,4958589671582726883,2019-01-29 17:52:58,fraud_Larkin Ltd,29.4,793 Hooper Tunnel Suite 154,Burke,VA,d2c4a8c74660f37d2ef9a2e8ba70f9a3,38.359598,-76.43854499999999,0
Aaron,4958589671582726883,2019-01-29 22:24:11,fraud_Connelly-Carter,54.97,793 Hooper Tunnel Suite 154,Burke,VA,da9a5adf1533b2d8df2c9e26fb1431a4,38.60582,-76.31845799999999,0
Aaron,4260059589824237,2019-01-30 03:44:35,"fraud_Jenkins, Hauck and Friesen",59.01,969 Huerta Path Apt. 270,Valentine,NE,0e4e7d5cd7917e36bf12cc699b52699d,42.458288,-101.222353,0
Aaron,4260059589824237,2019-01-30 09:56:19,"fraud_Schaefer, Maggio and Daugherty",73.09,969 Huerta Path Apt. 270,Valentine,NE,eb04ac9fb0c038b40063c00705c7ce3f,43.257422,-100.172917,0
Aaron,376028110684021,2019-01-30 10:58:55,fraud_Torp-Labadie,65.61,624 Hale Springs Apt. 572,Meadville,MO,58ebd86da01afe8838271d6c16145116,40.583528,-94.149841,0
Aaron,4260059589824237,2019-01-30 14:08:30,fraud_Berge-Hills,68.76,969 Huerta Path Apt. 270,Valentine,NE,ea496e7947626aa9a742f7f608c78dd5,42.355223,-101.141824,0
Aaron,4958589671582726883,2019-01-31 07:33:34,fraud_Heathcote LLC,13.75,793 Hooper Tunnel Suite 154,Burke,VA,565e2f32a2cf77c9aae2cd66735dd19e,39.464409,-77.350654,0
Aaron,4958589671582726883,2019-01-31 08:18:36,fraud_Kemmer-Buckridge,1.34,793 Hooper Tunnel Suite 154,Burke,VA,4fc12196fd1e59de29f4c5e258f281aa,37.94169,-77.40185699999999,0
Aaron,376028110684021,2019-01-31 12:43:55,"fraud_Wuckert, Wintheiser and Friesen",78.31,624 Hale Springs Apt. 572,Meadville,MO,0fec7635d240d7e649b00d57965f0a87,39.002272,-94.053528,0
Aaron,376028110684021,2019-01-31 14:13:09,"fraud_Runte, Green and Emard",76.98,624 Hale Springs Apt. 572,Meadville,MO,00cc510460df634339c5742bab614218,39.531146,-93.324589,0
Aaron,4228411452607671,2019-01-31 17:00:01,fraud_Kassulke PLC,2.94,400 Zuniga Pine,Winthrop,ME,a4ea3619d18e75c7048b4b12b0c809c8,44.166144,-70.59995,0
Aaron,4228411452607671,2019-01-31 19:54:20,"fraud_McDermott, Osinski and Morar",61.74,400 Zuniga Pine,Winthrop,ME,a5257e10a087391f9243da241c191f59,44.351426,-69.329785,0
Aaron,4958589671582726883,2019-02-01 02:04:38,fraud_Wisozk and Sons,108.06,793 Hooper Tunnel Suite 154,Burke,VA,66817e31891c485f203f2d39e6cf6b68,39.576852,-78.14313299999999,0
Aaron,4958589671582726883,2019-02-01 12:00:06,"fraud_Gutmann, McLaughlin and Wiza",70.82,793 Hooper Tunnel Suite 154,Burke,VA,1dd73b74eb1d56ea7769d6d6d283510f,38.597714,-76.679144,0
Aaron,4958589671582726883,2019-02-01 19:26:58,fraud_Goyette-Gerhold,115.85,793 Hooper Tunnel Suite 154,Burke,VA,205e8c0906d01d6f5c907b0f8b2613c9,38.561217,-77.604421,0
Aaron,4958589671582726883,2019-02-01 22:08:06,fraud_Waelchi-Wolf,25.95,793 Hooper Tunnel Suite 154,Burke,VA,ebdbc59b19df002520d5d94f5cf305f3,37.83447,-76.601386,0
Aaron,376028110684021,2019-02-01 22:11:12,"fraud_Feil, Hilpert and Koss",58.37,624 Hale Springs Apt. 572,Meadville,MO,51cbb35122183fd63b3b44fe28651edf,38.92707,-93.741475,0
Aaron,376028110684021,2019-02-02 05:17:15,fraud_Hermann-Gaylord,37.57,624 Hale Springs Apt. 572,Meadville,MO,f30b73cdf2e159c8b3f4b0e0ec6eb8f5,39.638588,-92.92653,0
Aaron,376028110684021,2019-02-02 13:41:56,"fraud_Armstrong, Walter and Gottlieb",56.63,624 Hale Springs Apt. 572,Meadville,MO,05392098501b937afee6be175cea0995,39.860794,-94.232813,0
Aaron,376028110684021,2019-02-02 22:13:02,"fraud_Armstrong, Walter and Gottlieb",75.77,624 Hale Springs Apt. 572,Meadville,MO,a0eb6a0e41a343fceba9c3ec6adb7721,39.516177,-93.978808,0
Aaron,4260059589824237,2019-02-03 06:58:50,fraud_Bechtelar-Rippin,102.38,969 Huerta Path Apt. 270,Valentine,NE,b820635b9b160df4d8d9cbeb56c5a9bc,43.760557,-101.149379,0
Aaron,4958589671582726883,2019-02-03 10:32:46,"fraud_Welch, Rath and Koepp",218.78,793 Hooper Tunnel Suite 154,Burke,VA,fb002e0444ba6974ff9cc7bbf090f7da,39.627932,-76.81975899999999,0
Aaron,4228411452607671,2019-02-03 12:35:12,"fraud_Bahringer, Osinski and Block",21.02,400 Zuniga Pine,Winthrop,ME,86b1a3c3e404f955786a3da40778d44a,43.333699,-69.134463,0
Aaron,376028110684021,2019-02-03 12:55:06,fraud_Lynch Ltd,135.66,624 Hale Springs Apt. 572,Meadville,MO,2d766a998bac77b1f79f3ecd22c06990,39.505881,-93.634323,0
Aaron,376028110684021,2019-02-03 14:54:58,fraud_Kutch-Wilderman,75.07,624 Hale Springs Apt. 572,Meadville,MO,c542e4b0307762a5d224b2f765268983,40.228865,-92.70575,0
Aaron,4958589671582726883,2019-02-03 16:33:44,fraud_Hilpert-Conroy,59.42,793 Hooper Tunnel Suite 154,Burke,VA,ded6d941c67b10e83b16a432cb848025,38.474538,-76.49404,0
Aaron,376028110684021,2019-02-03 17:53:01,"fraud_Champlin, Rolfson and Connelly",416.46,624 Hale Springs Apt. 572,Meadville,MO,37f22c64117f962d5510810bc9938d18,40.593139,-93.379263,0
Aaron,376028110684021,2019-02-03 23:54:34,fraud_Volkman PLC,62.5,624 Hale Springs Apt. 572,Meadville,MO,f52ff0af5aca49e7ab88b0a4534e470f,40.337073,-93.041024,0
Aaron,376028110684021,2019-02-04 01:54:16,fraud_Hudson-Ratke,93.9,624 Hale Springs Apt. 572,Meadville,MO,d310167de7ff99cff675ec4daee167e1,39.761292,-92.528013,0
Aaron,4958589671582726883,2019-02-04 05:40:17,fraud_Mraz-Herzog,65.41,793 Hooper Tunnel Suite 154,Burke,VA,eb35f718e2cf7442a0ab0a2d223ce833,38.075074,-77.123558,0
Aaron,4958589671582726883,2019-02-04 05:50:54,"fraud_Kerluke, Kertzmann and Wiza",69.5,793 Hooper Tunnel Suite 154,Burke,VA,e0700f063990458684c42735a5c0c4d6,38.706657,-77.55293499999999,0
Aaron,376028110684021,2019-02-04 10:43:43,"fraud_Goyette, Howell and Collier",124.23,624 Hale Springs Apt. 572,Meadville,MO,3b7f9c402d7565007ffc7167f7e32968,39.213702000000005,-94.287955,0
Aaron,376028110684021,2019-02-04 13:15:57,"fraud_Medhurst, Cartwright and Ebert",77.04,624 Hale Springs Apt. 572,Meadville,MO,5b0edb11a7ffb57db687419f2beddb88,39.7529,-93.725943,0
Aaron,4958589671582726883,2019-02-04 18:48:42,fraud_Berge-Hills,243.36,793 Hooper Tunnel Suite 154,Burke,VA,3f8106d79fb59bf9fcd74f0570bc855c,38.963408,-77.32391700000001,0
Aaron,376028110684021,2019-02-04 19:22:00,fraud_Reichel Inc,69.52,624 Hale Springs Apt. 572,Meadville,MO,be18380b3e7d555291f048cb8b0565b8,39.102643,-93.686272,0
Aaron,4958589671582726883,2019-02-05 02:07:07,"fraud_Reichert, Shanahan and Hayes",300.08,793 Hooper Tunnel Suite 154,Burke,VA,fa22a77c536362dc989644491fd84ad0,38.357217,-77.909435,0
Aaron,376028110684021,2019-02-05 07:21:25,fraud_Bailey-Morar,105.15,624 Hale Springs Apt. 572,Meadville,MO,924d624cc65f5eb0b961c7e9d1ae5e77,40.685248,-94.264378,0
Aaron,4958589671582726883,2019-02-05 07:52:41,fraud_Herzog Ltd,100.77,793 Hooper Tunnel Suite 154,Burke,VA,b87f2d5aba147867ea9ef40eb67deb4c,38.252964,-77.419174,0
Aaron,376028110684021,2019-02-05 07:54:39,fraud_Gleason-Macejkovic,91.77,624 Hale Springs Apt. 572,Meadville,MO,0776a8261bacbcdd31eee8830f5d5b6b,39.535186,-92.643652,0
Aaron,376028110684021,2019-02-05 09:23:25,"fraud_Stokes, Christiansen and Sipes",53.77,624 Hale Springs Apt. 572,Meadville,MO,e3b47de9430ea72478bfa58aed087fd0,39.452541,-93.968019,0
Aaron,376028110684021,2019-02-05 13:05:33,fraud_O'Hara-Wilderman,68.9,624 Hale Springs Apt. 572,Meadville,MO,f818ac3cba6c51b13c95e016c164cce8,40.385651,-93.567585,0
Aaron,4260059589824237,2019-02-05 14:01:06,fraud_Thiel Ltd,5.71,969 Huerta Path Apt. 270,Valentine,NE,bb8b0bbb2b43f61be299fab314f3e675,43.099644,-100.243932,0
Aaron,376028110684021,2019-02-05 17:28:12,fraud_Quitzon-Goyette,87.68,624 Hale Springs Apt. 572,Meadville,MO,7cda287e20c335788069875bb35880bb,40.071941,-92.965158,0
Aaron,4958589671582726883,2019-02-05 23:38:41,fraud_Romaguera Ltd,361.52,793 Hooper Tunnel Suite 154,Burke,VA,56fa5139ac5a7f8d5f2e52e51f2e7fb2,39.430931,-77.073875,0
Aaron,4958589671582726883,2019-02-06 01:52:24,"fraud_Baumbach, Strosin and Nicolas",4.26,793 Hooper Tunnel Suite 154,Burke,VA,e690481432b97aff13d610c140aeb0b6,39.393853,-77.183667,0
Aaron,376028110684021,2019-02-06 06:48:36,fraud_Rowe-Vandervort,51.44,624 Hale Springs Apt. 572,Meadville,MO,5d7431be2a3d64ac8e8d74e4dcde01bd,40.591151,-94.007256,0
Aaron,376028110684021,2019-02-06 12:54:01,fraud_Schulist Ltd,59.26,624 Hale Springs Apt. 572,Meadville,MO,d9aae2715a1da615f11e427aacf6a8b9,39.93016,-94.249945,0
Aaron,376028110684021,2019-02-06 13:41:07,"fraud_Eichmann, Hayes and Treutel",533.57,624 Hale Springs Apt. 572,Meadville,MO,3cca6f973dd67fecac3a0290766c0144,40.408411,-93.687864,0
Aaron,4958589671582726883,2019-02-07 01:34:23,fraud_Cole PLC,84.78,793 Hooper Tunnel Suite 154,Burke,VA,b4a382610553ee6f002819a0845ffe57,38.278357,-76.591115,0
Aaron,4958589671582726883,2019-02-07 07:17:32,"fraud_Christiansen, Goyette and Schamberger",62.78,793 Hooper Tunnel Suite 154,Burke,VA,a1aa48275383efe9f78ab3b7a060db39,38.00572,-76.500003,0
Aaron,4958589671582726883,2019-02-07 09:24:23,fraud_Volkman Ltd,124.28,793 Hooper Tunnel Suite 154,Burke,VA,ee8dfbb083de4201ca6cc96c1b6466ba,39.355032,-77.053792,0
Aaron,4228411452607671,2019-02-07 09:26:40,fraud_Collier Inc,85.08,400 Zuniga Pine,Winthrop,ME,1979b1caa4a18327a86f142999932df4,43.382309,-69.012778,0
Aaron,376028110684021,2019-02-07 23:24:55,fraud_Kessler Group,9.9,624 Hale Springs Apt. 572,Meadville,MO,0c643a880168e9a9d44602447ea68ed2,39.169089,-93.078902,1
Aaron,376028110684021,2019-02-07 23:50:10,fraud_Ruecker Group,719.82,624 Hale Springs Apt. 572,Meadville,MO,7059262fb8d948c37fb1259427c80d2c,39.951004,-92.359492,1
Aaron,376028110684021,2019-02-08 00:26:01,"fraud_Zieme, Bode and Dooley",6.79,624 Hale Springs Apt. 572,Meadville,MO,76e1cd900df78e170f2727d41e32a3e6,39.96651,-93.322742,1
Aaron,376028110684021,2019-02-08 00:38:53,fraud_Schamberger-O'Keefe,290.65,624 Hale Springs Apt. 572,Meadville,MO,6321ff773ffb355aa94a5c3f2578c5e8,39.079825,-93.78391,1
Aaron,376028110684021,2019-02-08 05:18:03,fraud_Huels-Hahn,9.13,624 Hale Springs Apt. 572,Meadville,MO,e7d8605b2b4589d25b40d1f16c212165,40.418609,-93.548774,1
Aaron,4260059589824237,2019-02-08 11:30:30,fraud_Kilback LLC,138.75,969 Huerta Path Apt. 270,Valentine,NE,95410f5e50c30d7721d39312172e5e57,42.588736,-101.111627,0
Aaron,376028110684021,2019-02-08 22:12:44,fraud_Bednar Group,696.29,624 Hale Springs Apt. 572,Meadville,MO,5f848038fb421553bf4e6db2bb913f31,39.868586,-92.549576,1
Aaron,4260059589824237,2019-02-08 23:09:01,fraud_Schoen Ltd,113.5,969 Huerta Path Apt. 270,Valentine,NE,3ec8d9f3374ca3caf8ccba999a5c7add,43.561398,-100.598181,0
Aaron,376028110684021,2019-02-08 23:16:21,fraud_Padberg-Welch,289.74,624 Hale Springs Apt. 572,Meadville,MO,b85880d7fabffdbc4933c61555c5d89c,39.515652,-94.123122,1
Aaron,376028110684021,2019-02-08 23:32:35,fraud_Gleason-Macejkovic,900.06,624 Hale Springs Apt. 572,Meadville,MO,2af04a7a44e9550c1d3629c7042eb179,38.864622,-92.568113,1
Aaron,4958589671582726883,2019-02-09 00:49:22,fraud_Barrows PLC,3.9,793 Hooper Tunnel Suite 154,Burke,VA,273dfaa07f5edacb6ca724bb3f37ab7b,38.02416,-77.816889,0
Aaron,376028110684021,2019-02-09 12:45:11,fraud_Medhurst Inc,79.42,624 Hale Springs Apt. 572,Meadville,MO,aaae3d7d8554c69f17f62b49e34e88db,40.315947,-94.06882,0
Aaron,376028110684021,2019-02-09 15:32:32,"fraud_Bahringer, Osinski and Block",52.01,624 Hale Springs Apt. 572,Meadville,MO,2a8ff70d35541f9fefc3157e44113bb1,40.327827,-92.557678,0
Aaron,4260059589824237,2019-02-09 16:36:48,fraud_Gulgowski LLC,59.66,969 Huerta Path Apt. 270,Valentine,NE,a54789686451d81d878c6a19f74ab9c3,41.938171,-100.228468,0
Aaron,376028110684021,2019-02-09 22:59:26,fraud_Rippin-VonRueden,75.83,624 Hale Springs Apt. 572,Meadville,MO,8fa0cbc379b82ef5648c88868d5e2c9a,40.721003,-93.493718,0
Aaron,376028110684021,2019-02-10 00:01:46,fraud_Hickle Group,136.78,624 Hale Springs Apt. 572,Meadville,MO,e893e65b08bb104c2bacbc81e83bb576,40.057514000000005,-92.692662,0
Aaron,376028110684021,2019-02-10 01:50:44,fraud_Hills-Witting,92.03,624 Hale Springs Apt. 572,Meadville,MO,0b30bcc12ab44b920027c9b6be315aa8,40.236481,-93.351665,0
Aaron,4958589671582726883,2019-02-10 03:58:20,fraud_Schmitt Inc,48.16,793 Hooper Tunnel Suite 154,Burke,VA,f335da6a7239ba49fa457082e70a03e5,38.493685,-77.774294,0
Aaron,376028110684021,2019-02-10 04:01:30,fraud_Kerluke-Abshire,110.23,624 Hale Springs Apt. 572,Meadville,MO,f1d1d7d1ff1e76164c6e74811defe67a,40.088097,-93.000679,0
Aaron,4958589671582726883,2019-02-10 11:59:35,"fraud_Raynor, Reinger and Hagenes",61.16,793 Hooper Tunnel Suite 154,Burke,VA,e0546cd66bd7bc7f79bb9ea2a9fde4fd,39.207686,-76.539047,0
Aaron,376028110684021,2019-02-10 13:19:43,fraud_Torphy-Kertzmann,76.33,624 Hale Springs Apt. 572,Meadville,MO,54b20cbf43aabfabd8b737210252d378,40.269221,-93.807064,0
Aaron,376028110684021,2019-02-10 14:40:53,fraud_Abshire PLC,66.97,624 Hale Springs Apt. 572,Meadville,MO,02645eb8401aae7e1c7cb3357192e448,38.838913,-93.059596,0
Aaron,4260059589824237,2019-02-10 18:37:54,"fraud_O'Connell, Botsford and Hand",21.74,969 Huerta Path Apt. 270,Valentine,NE,e51b405ba98918d6471071c6ed118149,42.715836,-100.6159,0
Aaron,376028110684021,2019-02-10 22:06:22,"fraud_Witting, Beer and Ernser",77.44,624 Hale Springs Apt. 572,Meadville,MO,df0904e9661d62692a47919b91e3e293,39.903426,-92.372196,0
Aaron,376028110684021,2019-02-10 23:33:27,"fraud_Welch, Rath and Koepp",91.18,624 Hale Springs Apt. 572,Meadville,MO,405aecc3a79a9986a56b6a363518d66a,39.048078,-93.814572,0
Aaron,4260059589824237,2019-02-10 23:45:46,fraud_Abbott-Steuber,2.07,969 Huerta Path Apt. 270,Valentine,NE,b8c81f95cac4cbadb0249da4141279f6,43.685689,-101.073756,0
Aaron,4958589671582726883,2019-02-11 05:50:16,fraud_Gibson-Deckow,2.08,793 Hooper Tunnel Suite 154,Burke,VA,2f9952766b69871f744b6f7a130a4efd,39.49555,-77.236549,0
Aaron,4958589671582726883,2019-02-11 10:01:13,fraud_Kling Inc,76.31,793 Hooper Tunnel Suite 154,Burke,VA,ba64cd0a80ce0453f5d55ce4e9a4a771,38.756563,-76.868972,0
Aaron,376028110684021,2019-02-11 15:21:07,fraud_Kessler Inc,421.07,624 Hale Springs Apt. 572,Meadville,MO,28eb6011f16eafcabdb3d171a7e13f05,39.190501,-94.168212,0
Aaron,376028110684021,2019-02-11 15:47:13,fraud_Waelchi-Wolf,53.83,624 Hale Springs Apt. 572,Meadville,MO,003c722e7cbbfd6a83f5b0463fc5c43c,40.500628000000006,-93.416532,0
Aaron,376028110684021,2019-02-11 16:29:50,"fraud_Runolfsdottir, Mueller and Hand",69.54,624 Hale Springs Apt. 572,Meadville,MO,cb21f1c2f7f1b52016a19dbd805b7919,39.636837,-93.309243,0
Aaron,4958589671582726883,2019-02-11 17:00:54,fraud_Ernser-Lynch,47.71,793 Hooper Tunnel Suite 154,Burke,VA,af7e3bccf765d52c2f52f332d01af92d,37.946542,-76.8681,0
Aaron,376028110684021,2019-02-11 19:55:24,"fraud_Yost, Schamberger and Windler",47.5,624 Hale Springs Apt. 572,Meadville,MO,fa56cc2a7d228afc90b5c448e485f2ec,40.411808,-93.095831,0
Aaron,4260059589824237,2019-02-12 00:51:00,fraud_Sawayn PLC,5.44,969 Huerta Path Apt. 270,Valentine,NE,642618867922a756bd3bae2daaf67d5b,43.645969,-101.489265,0
Aaron,4958589671582726883,2019-02-12 01:28:18,fraud_Pfeffer and Sons,8.85,793 Hooper Tunnel Suite 154,Burke,VA,4f4e92cfe848311408650ff323a4553b,39.451908,-76.646304,0
Aaron,376028110684021,2019-02-12 05:42:12,fraud_McCullough Group,42.98,624 Hale Springs Apt. 572,Meadville,MO,a1ec1ff928f85c454ea5917161e6f572,39.71793,-93.897237,0
Aaron,4958589671582726883,2019-02-12 07:30:49,fraud_Block Group,2.57,793 Hooper Tunnel Suite 154,Burke,VA,48aaf920c79e12f743a0ef53dd6b6efd,38.074795,-76.456296,0
Aaron,4228411452607671,2019-02-12 12:22:33,"fraud_Hermiston, Russel and Price",33.16,400 Zuniga Pine,Winthrop,ME,ea740662ee3f8459b9a83827475398c4,43.829356,-69.855008,0
Aaron,4228411452607671,2019-02-12 14:51:40,fraud_Kassulke PLC,4.27,400 Zuniga Pine,Winthrop,ME,e72fe6ce3e5e19272e644467011de2d5,44.291117,-70.115655,0
Aaron,4260059589824237,2019-02-12 20:56:19,"fraud_Ledner, Hartmann and Feest",6.74,969 Huerta Path Apt. 270,Valentine,NE,f145c4a358ebdc5dad123b6d44eda54f,43.708097,-100.696904,0
Aaron,4228411452607671,2019-02-13 02:13:14,fraud_Bahringer-Larson,57.99,400 Zuniga Pine,Winthrop,ME,d9fa7e86b7297807579699dbb13ef494,44.477747,-70.81016600000001,0
Aaron,4958589671582726883,2019-02-13 02:59:24,"fraud_Raynor, Feest and Miller",46.59,793 Hooper Tunnel Suite 154,Burke,VA,e05ee5ed2da3e7d9978c28259296ce4a,38.674623,-77.637427,0
Aaron,376028110684021,2019-02-13 03:27:13,fraud_Bogisich Inc,98.74,624 Hale Springs Apt. 572,Meadville,MO,ea5e3949c1a5618f73e606fe5ca95ef2,40.700564,-93.369251,0
Aaron,4260059589824237,2019-02-13 07:17:01,fraud_Johns-Hoeger,19.26,969 Huerta Path Apt. 270,Valentine,NE,7988e0d7ed1c08f1b4471ec4f8c86b82,42.462584,-100.833278,0
Aaron,4958589671582726883,2019-02-13 07:38:22,"fraud_Bernhard, Grant and Langworth",7.47,793 Hooper Tunnel Suite 154,Burke,VA,ebd1119439e47cd840872396dc17fa6d,39.711876,-77.430672,0
Aaron,4958589671582726883,2019-02-13 13:43:01,"fraud_Turner, Ziemann and Lehner",218.71,793 Hooper Tunnel Suite 154,Burke,VA,3f64948a105e768ca0d4392ba034b4d4,39.071061,-77.990083,0
Aaron,376028110684021,2019-02-14 12:49:28,fraud_Jakubowski Inc,83.28,624 Hale Springs Apt. 572,Meadville,MO,57d483c64e5eec5b11f893190ce39624,39.793112,-93.721518,0
Aaron,376028110684021,2019-02-14 13:49:48,fraud_Hoppe-Parisian,54.04,624 Hale Springs Apt. 572,Meadville,MO,3145cb54fec26130b1b802453a552b9b,40.319035,-92.914232,0
Aaron,4260059589824237,2019-02-14 21:16:50,fraud_Pollich LLC,115.57,969 Huerta Path Apt. 270,Valentine,NE,942b42240159fc691d150ef25d029800,42.729445,-100.353754,0
Aaron,376028110684021,2019-02-14 22:10:55,fraud_Gulgowski LLC,84.93,624 Hale Springs Apt. 572,Meadville,MO,b14b029236bac41dd97be5e7da957674,40.306252,-94.004526,0
Aaron,376028110684021,2019-02-15 03:21:20,fraud_Pouros-Conroy,127.15,624 Hale Springs Apt. 572,Meadville,MO,b3b6b13939bcf0545c08f5564ce10a1d,40.704962,-93.795274,0
Aaron,4260059589824237,2019-02-15 10:06:44,"fraud_Schultz, Simonis and Little",97.13,969 Huerta Path Apt. 270,Valentine,NE,54baf29b019b71bfbd0156519dc13578,42.302123,-99.904641,0
Aaron,4958589671582726883,2019-02-15 11:39:58,fraud_Nienow PLC,1.27,793 Hooper Tunnel Suite 154,Burke,VA,689f44208dede33d403e492e56cd425f,38.765061,-77.50829499999999,0
Aaron,376028110684021,2019-02-15 18:03:51,fraud_Bechtelar-Rippin,66.65,624 Hale Springs Apt. 572,Meadville,MO,98d6f2b15f2c1b7bfdbd049a7abb16fa,40.046707,-93.79459,0
Aaron,376028110684021,2019-02-15 22:34:37,"fraud_Reinger, Weissnat and Strosin",67.75,624 Hale Springs Apt. 572,Meadville,MO,e937d513674ed88e258fcbafb443461c,39.068139,-93.018436,0
Aaron,376028110684021,2019-02-16 02:09:13,fraud_Kilback LLC,98.43,624 Hale Springs Apt. 572,Meadville,MO,96e9f46b50b0c3aac9b1d2826ca55f38,40.441459,-93.808891,0
Aaron,376028110684021,2019-02-16 04:23:02,"fraud_Turner, Ruecker and Parisian",28.42,624 Hale Springs Apt. 572,Meadville,MO,25921c0532ea3f9ee299de90ccc97815,39.318128,-93.5973,0
Aaron,4958589671582726883,2019-02-16 04:26:57,"fraud_Parker, Nolan and Trantow",136.07,793 Hooper Tunnel Suite 154,Burke,VA,eeb1984c9446c46f0f9f620181b73ee6,38.923262,-78.032983,0
Aaron,376028110684021,2019-02-16 20:41:08,fraud_Beier and Sons,83.69,624 Hale Springs Apt. 572,Meadville,MO,08f0269addd75a2420f736995a541425,40.193804,-93.590739,0
Aaron,376028110684021,2019-02-16 21:37:24,fraud_Kris-Kertzmann,432.69,624 Hale Springs Apt. 572,Meadville,MO,4f3ac0f13852aba4cab6f9210a9afcf6,39.240216,-94.137345,0
Aaron,376028110684021,2019-02-17 02:17:03,fraud_Keeling-Crist,35.39,624 Hale Springs Apt. 572,Meadville,MO,310a8e4b47c65affe51a8c875f72a7fe,39.145638,-93.80728,0
Aaron,4958589671582726883,2019-02-17 05:46:34,"fraud_Tillman, Dickinson and Labadie",81.88,793 Hooper Tunnel Suite 154,Burke,VA,003bcbae589e852e4cb470ae3b2a5574,38.544625,-76.740001,0
Aaron,4958589671582726883,2019-02-17 06:48:49,fraud_Heidenreich PLC,86.32,793 Hooper Tunnel Suite 154,Burke,VA,c33a1d1c571add0afb0c41e44f23ce99,37.886519,-76.43592,0
Aaron,4958589671582726883,2019-02-17 07:08:52,fraud_Hudson-Ratke,137.34,793 Hooper Tunnel Suite 154,Burke,VA,b100093dc57dbd8cb7146a7790e8a91b,39.167185,-76.856957,0
Aaron,4958589671582726883,2019-02-17 09:59:00,fraud_Pouros-Haag,7.38,793 Hooper Tunnel Suite 154,Burke,VA,54eb7b9c9575c01660071c391e5a14db,38.667484,-76.50766800000001,0
Aaron,376028110684021,2019-02-17 10:03:24,"fraud_Johnson, Runolfsdottir and Mayer",122.57,624 Hale Springs Apt. 572,Meadville,MO,8f5df5152b7a6e00f60a672f5ebd326a,40.227364,-93.572926,0
Aaron,4958589671582726883,2019-02-17 10:34:17,fraud_Torp-Lemke,2.46,793 Hooper Tunnel Suite 154,Burke,VA,64c99fdbf0b575e6cf64631bd40709d1,39.506532,-76.791216,0
Aaron,4958589671582726883,2019-02-17 11:29:04,fraud_McDermott-Weimann,119.79,793 Hooper Tunnel Suite 154,Burke,VA,e0920bd136fb8be6bfa5ee86668ef21e,37.803106,-76.636376,0
Aaron,4228411452607671,2019-02-17 18:07:55,"fraud_Durgan, Gislason and Spencer",83.34,400 Zuniga Pine,Winthrop,ME,a929aadd6d9517821ece613c2c6a719b,44.415928,-70.837296,0
Aaron,4260059589824237,2019-02-17 19:39:24,fraud_Wilkinson PLC,28.08,969 Huerta Path Apt. 270,Valentine,NE,5b89afe6fa6e3e5900d443718573bfb2,42.376167,-99.759309,0
Aaron,4228411452607671,2019-02-17 23:03:08,"fraud_Terry, Johns and Bins",3.24,400 Zuniga Pine,Winthrop,ME,2738db158efeef72e18996256390ae61,43.802704,-69.855695,0
Aaron,376028110684021,2019-02-18 02:51:08,"fraud_Rodriguez, Yost and Jenkins",76.38,624 Hale Springs Apt. 572,Meadville,MO,60823d11529b092b394f0c84c26f7e8c,38.885703,-92.570676,0
Aaron,4260059589824237,2019-02-18 03:59:42,fraud_Mohr-Bayer,8.65,969 Huerta Path Apt. 270,Valentine,NE,1061d81b41a6f2f872abf1006b7881cf,42.45546,-100.033197,0
Aaron,376028110684021,2019-02-18 08:57:36,"fraud_Baumbach, Feeney and Morar",83.68,624 Hale Springs Apt. 572,Meadville,MO,0c769801f32c6438b99560394dadfb02,39.466037,-93.088636,0
Aaron,4958589671582726883,2019-02-18 09:07:27,fraud_Koepp-Witting,96.29,793 Hooper Tunnel Suite 154,Burke,VA,462005bb9ab186f0dfc779aa5a17448f,39.630891,-76.858774,0
Aaron,376028110684021,2019-02-18 10:33:35,fraud_Cassin-Harvey,63.13,624 Hale Springs Apt. 572,Meadville,MO,f16ab3e6bb2566b1f9c7f413a81cc8ad,40.603976,-94.069887,0
Aaron,376028110684021,2019-02-18 16:33:59,"fraud_Windler, Goodwin and Kovacek",82.68,624 Hale Springs Apt. 572,Meadville,MO,d5ed2500cc2174941f369977348c7c08,39.654346,-93.705253,0
Aaron,376028110684021,2019-02-18 16:53:00,"fraud_Brown, Homenick and Lesch",74.78,624 Hale Springs Apt. 572,Meadville,MO,0be6043a48fb024e3110b3a221d9fa0b,40.159215,-92.495744,0
Aaron,4958589671582726883,2019-02-18 17:01:13,"fraud_O'Connell, Botsford and Hand",16.85,793 Hooper Tunnel Suite 154,Burke,VA,f4efc2bf9513a86233cd4411b202fa1d,39.710869,-76.599223,0
Aaron,4958589671582726883,2019-02-18 19:48:15,fraud_Kutch-Wilderman,181.04,793 Hooper Tunnel Suite 154,Burke,VA,15fd08f2114a4b81c7095630e00a05f3,37.956612,-77.511095,0
Aaron,4958589671582726883,2019-02-19 02:05:23,"fraud_Baumbach, Strosin and Nicolas",8.6,793 Hooper Tunnel Suite 154,Burke,VA,48a591e54ba47927bf66c8d3814c391b,38.914366,-76.39965699999999,0
Aaron,376028110684021,2019-02-19 04:42:13,"fraud_Kutch, Hermiston and Farrell",68.2,624 Hale Springs Apt. 572,Meadville,MO,9ef129d3d2f736cc114ea02534568897,39.871615000000006,-93.918825,0
Aaron,4958589671582726883,2019-02-19 04:44:54,"fraud_Monahan, Bogisich and Ledner",12.46,793 Hooper Tunnel Suite 154,Burke,VA,d6c57654ccf7e5ca6266292cbc722cf9,37.964103,-78.191764,0
Aaron,376028110684021,2019-02-19 20:41:52,fraud_Kihn-Fritsch,57.08,624 Hale Springs Apt. 572,Meadville,MO,6760d4d4c935fe12c5db108514c1d7a8,39.555717,-93.401539,0
Aaron,4958589671582726883,2019-02-20 11:58:31,fraud_Dach-Nader,2.89,793 Hooper Tunnel Suite 154,Burke,VA,cd9699c59dfbba189450b5d0e96a26ec,38.768935,-76.827072,0
Aaron,376028110684021,2019-02-20 21:49:49,fraud_Jast-McDermott,122.91,624 Hale Springs Apt. 572,Meadville,MO,a4e1c87526918e0149110e3f5ddce93e,39.278648,-93.443807,0
Aaron,376028110684021,2019-02-21 05:28:41,fraud_Deckow-O'Conner,103.96,624 Hale Springs Apt. 572,Meadville,MO,c94d862c00120786d8af487ae49e1ff4,39.974718,-92.755896,0
Aaron,4958589671582726883,2019-02-21 06:34:01,fraud_Larson-Moen,13.27,793 Hooper Tunnel Suite 154,Burke,VA,4ea044490c539bf5126c74a956a3c620,38.485761,-77.75787700000001,0
Aaron,4958589671582726883,2019-02-21 17:31:00,fraud_Brown Inc,22.99,793 Hooper Tunnel Suite 154,Burke,VA,b989e60819fe3ff3584ae03f1f79223a,38.841216,-77.18934200000001,0
Aaron,4958589671582726883,2019-02-22 02:11:35,fraud_Kihn-Schuster,41.61,793 Hooper Tunnel Suite 154,Burke,VA,e6caab261dd054326764644ff6c0c91e,38.216678,-77.315129,0
Aaron,4958589671582726883,2019-02-22 13:52:59,fraud_Tromp Group,2.37,793 Hooper Tunnel Suite 154,Burke,VA,e845b829044254b9719810314a33ee85,38.381038,-77.984863,0
Aaron,376028110684021,2019-02-23 07:31:17,"fraud_Reichert, Rowe and Mraz",94.45,624 Hale Springs Apt. 572,Meadville,MO,67ba26a8120e721aaf9e3d7e725753c4,39.972395,-93.974052,0
Aaron,376028110684021,2019-02-23 09:33:43,fraud_Towne LLC,30.32,624 Hale Springs Apt. 572,Meadville,MO,7ccab24f5051396d856d6abed8fbce52,40.104249,-93.925244,0
Aaron,4958589671582726883,2019-02-23 10:28:30,fraud_Jakubowski Group,90.77,793 Hooper Tunnel Suite 154,Burke,VA,850348cac5615a3c5957186224f7b355,39.256445,-76.43113199999999,0
Aaron,376028110684021,2019-02-23 18:19:10,fraud_Ratke and Sons,72.85,624 Hale Springs Apt. 572,Meadville,MO,7ee82fcc1f49a2429399c3229f6e35c4,40.071822,-92.392449,0
Aaron,376028110684021,2019-02-24 01:39:07,fraud_Cassin-Harvey,60.2,624 Hale Springs Apt. 572,Meadville,MO,9f56e8a8fc002f3574ef7a9f7e8d6b1e,39.763181,-94.150615,0
Aaron,376028110684021,2019-02-24 06:16:35,"fraud_Yost, Block and Koepp",34.29,624 Hale Springs Apt. 572,Meadville,MO,855327c1d7e2465e90383223cbaa37c5,39.146879,-93.531934,0
Aaron,4260059589824237,2019-02-24 06:33:08,"fraud_Cormier, Stracke and Thiel",40.08,969 Huerta Path Apt. 270,Valentine,NE,f5c6f3377388037396c683065c21e4a3,42.183958,-101.154,0
Aaron,4958589671582726883,2019-02-24 06:53:38,"fraud_Watsica, Haag and Considine",1.93,793 Hooper Tunnel Suite 154,Burke,VA,5ba8fe30cf08df482deab678e79fbdcd,39.779448,-76.424932,0
Aaron,376028110684021,2019-02-24 08:18:44,fraud_Fisher Inc,84.38,624 Hale Springs Apt. 572,Meadville,MO,9b4aa955adbb46f05a63394c024d6ef6,40.399929,-93.891529,0
Aaron,376028110684021,2019-02-24 08:37:29,fraud_Simonis-Prohaska,31.68,624 Hale Springs Apt. 572,Meadville,MO,6d5efcb3c3d2c24146bbc73dad1612e9,39.849386,-92.874245,0
Aaron,376028110684021,2019-02-24 09:04:11,fraud_Bauch-Raynor,94.84,624 Hale Springs Apt. 572,Meadville,MO,70572376fdccda1300ba0e044aed18c8,39.278017,-93.820563,0
Aaron,376028110684021,2019-02-24 10:21:05,fraud_Kuphal-Bartoletti,89.5,624 Hale Springs Apt. 572,Meadville,MO,14518cc828513c4a020acfad17b51c42,40.712852000000005,-92.558617,0
Aaron,376028110684021,2019-02-24 10:25:10,fraud_Huel-Langworth,87.12,624 Hale Springs Apt. 572,Meadville,MO,5e78bf4ff70586d3446cb82b9dbc64b6,40.194593,-94.283212,0
Aaron,4228411452607671,2019-02-24 16:32:59,fraud_Kuhn Group,57.2,400 Zuniga Pine,Winthrop,ME,6de7e5c3c5ed9da4baa349b48bd41d10,45.149931,-70.596304,0
Aaron,376028110684021,2019-02-24 18:31:46,fraud_Beier and Sons,74.97,624 Hale Springs Apt. 572,Meadville,MO,3e165f5e3b879db106859d2b8a648e65,40.092843,-94.296508,0
Aaron,4228411452607671,2019-02-24 20:28:20,fraud_Kris-Weimann,13.25,400 Zuniga Pine,Winthrop,ME,0e4c50c9ca255173773a2fc10d12cf71,43.952561,-70.200981,0
Aaron,376028110684021,2019-02-24 20:45:28,fraud_Schoen Ltd,44.21,624 Hale Springs Apt. 572,Meadville,MO,2f69965d169ca7ac0ef74ab79ebbced3,40.700863,-92.535176,0
Aaron,376028110684021,2019-02-25 01:09:34,"fraud_Stanton, Jakubowski and Baumbach",86.25,624 Hale Springs Apt. 572,Meadville,MO,ba157b6f77635ed5fe90eb86da3a3e34,39.506604,-94.224014,0
Aaron,4958589671582726883,2019-02-25 04:55:13,"fraud_Ferry, Reichel and DuBuque",81.67,793 Hooper Tunnel Suite 154,Burke,VA,fab0f2155a957d1df7b45925a088d5c8,37.941462,-76.87184599999999,0
Aaron,376028110684021,2019-02-25 07:16:58,"fraud_Heathcote, Yost and Kertzmann",92.05,624 Hale Springs Apt. 572,Meadville,MO,42f837ef45f0731c0222f0539057e70a,39.854142,-92.372509,0
Aaron,376028110684021,2019-02-25 07:59:42,"fraud_Moen, Reinger and Murphy",93.42,624 Hale Springs Apt. 572,Meadville,MO,ca6e90f0c3163aabd1bf728dbb8c90c1,39.189443,-94.276215,0
Aaron,376028110684021,2019-02-25 14:56:03,"fraud_Nitzsche, Kessler and Wolff",130.33,624 Hale Springs Apt. 572,Meadville,MO,7384eb9200007ea2219d40c1ffbc2e4a,39.790229,-92.872689,0
Aaron,4228411452607671,2019-02-25 19:28:56,fraud_Berge-Ullrich,70.45,400 Zuniga Pine,Winthrop,ME,af23ffb88d1e8f13933694595a4be17c,44.044595,-69.840408,0
Aaron,376028110684021,2019-02-25 22:31:06,fraud_Feil-Morar,74.02,624 Hale Springs Apt. 572,Meadville,MO,9c424265d3d8f49c9957ee3d1e810a3c,39.743345,-92.847399,0
Aaron,376028110684021,2019-02-26 04:43:32,"fraud_Osinski, Ledner and Leuschke",86.11,624 Hale Springs Apt. 572,Meadville,MO,6eecb1b1cf1c488663fc77bfd3ac2b42,39.658196,-92.457361,0
Aaron,376028110684021,2019-02-26 11:01:02,fraud_Ledner-Pfannerstill,73.08,624 Hale Springs Apt. 572,Meadville,MO,42c5a50391bd9abea747ea58b2a089c2,39.607194,-92.972853,0
Aaron,4958589671582726883,2019-02-26 12:19:14,fraud_Ruecker-Mayert,89.94,793 Hooper Tunnel Suite 154,Burke,VA,3f15c2ce19d268a6b8e78c05fdaa37c6,37.961467,-76.551389,0
Aaron,376028110684021,2019-02-26 13:02:38,"fraud_Turcotte, McKenzie and Koss",72.93,624 Hale Springs Apt. 572,Meadville,MO,27dd59f2607f3ac7fb33e8d39ce69530,39.277576,-92.634067,0
Aaron,4958589671582726883,2019-02-26 14:15:35,"fraud_Koss, McLaughlin and Mayer",68.86,793 Hooper Tunnel Suite 154,Burke,VA,559c53711a78db97227839f443c82031,38.405817,-77.875385,0
Aaron,376028110684021,2019-02-26 14:23:09,"fraud_Kutch, Steuber and Gerhold",67.85,624 Hale Springs Apt. 572,Meadville,MO,2f559f9e48bc5738c0df62a78e91c84e,40.312707,-93.927651,0
Aaron,376028110684021,2019-02-26 15:01:45,"fraud_Runte, Green and Emard",72.92,624 Hale Springs Apt. 572,Meadville,MO,98debd12713d53eb9246b23c4de3eff7,40.345653000000006,-92.681313,0
Aaron,376028110684021,2019-02-26 15:38:49,"fraud_Durgan, Gislason and Spencer",91.59,624 Hale Springs Apt. 572,Meadville,MO,ee0da0219615f54a200014e46bf48cf6,40.180246,-93.478483,0
Aaron,4958589671582726883,2019-02-26 17:44:25,"fraud_Schneider, Hayes and Nikolaus",69.77,793 Hooper Tunnel Suite 154,Burke,VA,a337a34be9c378b526d8ec24f2d9dcf8,39.071044,-76.634862,0
Aaron,4958589671582726883,2019-02-26 19:50:31,fraud_Ullrich Ltd,38.92,793 Hooper Tunnel Suite 154,Burke,VA,696c914d92e01b8c0c9f574b0acd6f51,38.056573,-76.590613,0
Aaron,4958589671582726883,2019-02-27 06:44:17,fraud_Kassulke Inc,1.35,793 Hooper Tunnel Suite 154,Burke,VA,e50497da4cbd711474034cddeeaf881e,37.867461,-76.687864,0
Aaron,376028110684021,2019-02-27 08:04:44,fraud_Padberg-Welch,106.66,624 Hale Springs Apt. 572,Meadville,MO,05c2edfefcdb26b14df7eeb8d615926e,40.259284,-94.017096,0
Aaron,376028110684021,2019-02-27 14:36:52,fraud_Bernier and Sons,46.05,624 Hale Springs Apt. 572,Meadville,MO,1bf9f647ade43110e1c5415dd77f1e5c,39.8323,-93.407488,0
Aaron,376028110684021,2019-02-27 16:26:32,"fraud_O'Connell, Botsford and Hand",86.26,624 Hale Springs Apt. 572,Meadville,MO,43e3c04527a103643be2cdf1be667ebb,38.801836,-92.383293,0
Aaron,376028110684021,2019-02-27 20:19:19,fraud_Kozey-McDermott,540.01,624 Hale Springs Apt. 572,Meadville,MO,50b4cc09219c9c291be05fe45502e760,38.779921,-92.347199,0
Aaron,376028110684021,2019-02-28 03:22:53,fraud_Bogisich Inc,87.38,624 Hale Springs Apt. 572,Meadville,MO,815b6a4f281678ad956332383f576b2d,40.550041,-92.369957,0
Aaron,4958589671582726883,2019-02-28 04:07:22,"fraud_Bins, Balistreri and Beatty",4.32,793 Hooper Tunnel Suite 154,Burke,VA,ff155a4cf90d7e542a416ddee0191340,39.512632,-77.06565400000001,0
Aaron,376028110684021,2019-02-28 12:02:54,"fraud_Hettinger, McCullough and Fay",72.29,624 Hale Springs Apt. 572,Meadville,MO,61cdde684bf56c890759e54426a809cf,39.602843,-93.454815,0
Aaron,4958589671582726883,2019-02-28 12:03:07,"fraud_Schiller, Blanda and Johnson",45.91,793 Hooper Tunnel Suite 154,Burke,VA,bb6f03b1c2a8f2ce1ba807699348b3d1,39.63457,-76.998483,0
Aaron,4228411452607671,2019-02-28 16:37:41,fraud_Kuhic LLC,7.63,400 Zuniga Pine,Winthrop,ME,9fcc7e61263a650a96081129f343f20c,44.457761,-70.034874,0
Aaron,4260059589824237,2019-02-28 17:08:45,fraud_Larkin Ltd,26.11,969 Huerta Path Apt. 270,Valentine,NE,a791fc9400bc311d2c3c74248462f9ef,43.463284,-99.852056,0
Aaron,4958589671582726883,2019-02-28 19:40:24,fraud_Wilkinson PLC,31.25,793 Hooper Tunnel Suite 154,Burke,VA,febc78d632afb49cb44e0f655f9f4d56,39.653626,-76.786373,0
Aaron,4958589671582726883,2019-02-28 21:23:54,"fraud_Weber, Thiel and Hammes",105.65,793 Hooper Tunnel Suite 154,Burke,VA,baf2ec7543c69d629bd7cadb53dc1a37,39.166458,-76.379722,0
Aaron,376028110684021,2019-02-28 23:39:17,"fraud_Prosacco, Kreiger and Kovacek",70.7,624 Hale Springs Apt. 572,Meadville,MO,cbe9ec237815cec6077c22cda81a63fe,39.305611,-93.849606,0
Aaron,376028110684021,2019-03-01 01:53:29,fraud_Zemlak Group,82.47,624 Hale Springs Apt. 572,Meadville,MO,2a58189f625993693eb9613548f5ae73,40.508934,-93.131831,0
Aaron,376028110684021,2019-03-01 03:18:15,fraud_Herzog Ltd,31.08,624 Hale Springs Apt. 572,Meadville,MO,4a3020f142d4382ecf1c5ebe163ae539,38.870543,-92.367794,0
Aaron,4958589671582726883,2019-03-01 03:55:54,fraud_Abernathy and Sons,70.42,793 Hooper Tunnel Suite 154,Burke,VA,434d289c32d1f15c606893fa1911c853,39.710484,-78.17365500000001,0
Aaron,4958589671582726883,2019-03-01 07:37:53,fraud_Durgan-Auer,1.09,793 Hooper Tunnel Suite 154,Burke,VA,46e2578bcca8be1dfc36251e7031fb28,37.973369,-78.125835,0
Aaron,4260059589824237,2019-03-01 10:57:26,"fraud_Parker, Nolan and Trantow",23.41,969 Huerta Path Apt. 270,Valentine,NE,949451f1a90f6c2606c8dbd79d20c4ba,43.035641,-99.883724,0
Aaron,4260059589824237,2019-03-01 19:10:54,fraud_Daugherty LLC,40.1,969 Huerta Path Apt. 270,Valentine,NE,c9d81a9fb00495155d291ce6fc18cd30,43.635174,-100.087821,0
Aaron,376028110684021,2019-03-02 05:53:35,fraud_Cummings LLC,69.24,624 Hale Springs Apt. 572,Meadville,MO,0f451a936b53cadeae5e4aaa51f45712,39.783148,-92.591262,0
Aaron,376028110684021,2019-03-02 09:49:59,fraud_Fisher Inc,115.48,624 Hale Springs Apt. 572,Meadville,MO,bfec1f6af9478f36aa70b7825dfd6873,40.055831,-93.718303,0
Aaron,376028110684021,2019-03-02 18:05:17,"fraud_Haley, Batz and Auer",73.92,624 Hale Springs Apt. 572,Meadville,MO,6dbaf30a420dcbe7de3aa70f8685dd39,40.700286,-94.181926,0
Aaron,4958589671582726883,2019-03-02 19:03:24,fraud_Pollich LLC,12.21,793 Hooper Tunnel Suite 154,Burke,VA,fadd7d1478b33b76030d4edf0adfa7b0,39.193263,-77.234033,0
Aaron,376028110684021,2019-03-02 20:55:09,"fraud_Nicolas, Hills and McGlynn",77.48,624 Hale Springs Apt. 572,Meadville,MO,d3ffb53eace4f4a8e25289a82f09b13d,38.900434,-92.992728,0
Aaron,376028110684021,2019-03-02 21:07:19,"fraud_Feil, Hilpert and Koss",58.42,624 Hale Springs Apt. 572,Meadville,MO,0bc0ef93205788d35c3db2d578a65fcb,40.363763,-93.913953,0
Aaron,376028110684021,2019-03-02 21:50:56,"fraud_Douglas, Schneider and Turner",139.8,624 Hale Springs Apt. 572,Meadville,MO,8847cbc4e41a28852d1a7a966c28f5cf,40.387044,-93.216084,0
Aaron,4228411452607671,2019-03-02 21:51:35,fraud_Gerlach Inc,2.46,400 Zuniga Pine,Winthrop,ME,8800b5bfdfe83c442236645c4d648fbc,45.165386,-69.807117,0
Aaron,4958589671582726883,2019-03-02 22:36:43,fraud_Goyette-Gerhold,21.75,793 Hooper Tunnel Suite 154,Burke,VA,42e4ae22e3b53bd50ea4d090b6440fee,38.382685,-77.952793,0
Aaron,376028110684021,2019-03-03 03:35:24,fraud_Block Group,29.6,624 Hale Springs Apt. 572,Meadville,MO,db1d2ea5e17cca30e2a72b79f907447c,40.747722,-93.227504,0
Aaron,376028110684021,2019-03-03 04:25:45,"fraud_Huel, Hammes and Witting",93.24,624 Hale Springs Apt. 572,Meadville,MO,d202272d47b2a6e63b5f17e16035b63f,38.885267,-93.401294,0
Aaron,376028110684021,2019-03-03 07:24:56,"fraud_Casper, Hand and Zulauf",93.96,624 Hale Springs Apt. 572,Meadville,MO,1b2912dd402bd022126b2c32ad4d7dac,39.494684,-93.826065,0
Aaron,4958589671582726883,2019-03-03 10:17:04,fraud_Koss and Sons,91.23,793 Hooper Tunnel Suite 154,Burke,VA,fec4fe0a2471d8b77a7c28bb09812049,38.822415,-76.413335,0
Aaron,376028110684021,2019-03-03 10:29:12,fraud_Balistreri-Nader,30.62,624 Hale Springs Apt. 572,Meadville,MO,6e4cdb98b56ae198e13418a56e4dfa97,40.429807,-93.698443,0
Aaron,4958589671582726883,2019-03-03 12:32:11,fraud_Hammes-Beatty,134.53,793 Hooper Tunnel Suite 154,Burke,VA,81453d82cf7314f6cf531e4e9e83d113,38.155564,-77.164237,0
Aaron,4958589671582726883,2019-03-03 16:30:06,"fraud_Hahn, Bahringer and McLaughlin",4.41,793 Hooper Tunnel Suite 154,Burke,VA,ed6ebd5ef51c2477e5237520490aea13,38.7933,-77.134105,0
Aaron,4958589671582726883,2019-03-03 19:20:38,fraud_Gaylord-Powlowski,199.54,793 Hooper Tunnel Suite 154,Burke,VA,57f3d0a1eee3809c6e5efe3e7cf1b4ed,39.430053,-76.92840600000001,0
Aaron,4958589671582726883,2019-03-03 20:46:56,fraud_Kris-Kertzmann,4.81,793 Hooper Tunnel Suite 154,Burke,VA,a4edb78736f269555dd8ceadeefde3b6,39.151426,-77.64993,0
Aaron,4228411452607671,2019-03-03 21:24:23,"fraud_Cole, Hills and Jewess",9.38,400 Zuniga Pine,Winthrop,ME,f71fc01c06fde835b8d1e3acc3d75b66,43.550724,-70.7543,0
Aaron,376028110684021,2019-03-03 22:17:20,"fraud_Ritchie, Bradtke and Stiedemann",554.84,624 Hale Springs Apt. 572,Meadville,MO,d0f6a201746297c4c3ed377c9b3f1880,39.039085,-93.122669,0
Aaron,4228411452607671,2019-03-03 22:56:17,fraud_Homenick LLC,3.17,400 Zuniga Pine,Winthrop,ME,90ab2d0b8b2ab7ca73bd2825a3bfd4b0,43.752328000000006,-69.476906,0
Aaron,376028110684021,2019-03-04 07:52:04,"fraud_Bahringer, Schoen and Corkery",150.7,624 Hale Springs Apt. 572,Meadville,MO,77951f9c0804e1a03ee030a7be1f8efe,39.67876,-92.74089,0
Aaron,4228411452607671,2019-03-04 07:52:38,"fraud_Schaefer, Maggio and Daugherty",70.85,400 Zuniga Pine,Winthrop,ME,8b2bad297d12f4647a65e8968e86b554,44.022559,-69.538267,0
Aaron,4260059589824237,2019-03-04 08:45:31,fraud_Kilback Group,68.21,969 Huerta Path Apt. 270,Valentine,NE,9f9c94c2f374a3a5c81aa1a8390ea185,43.266589,-100.437973,0
Aaron,4958589671582726883,2019-03-04 15:16:12,fraud_Bernier and Sons,136.01,793 Hooper Tunnel Suite 154,Burke,VA,431841cd5d81f6f04cb051abfb783a1e,39.348185,-77.447387,0
Aaron,4958589671582726883,2019-03-04 15:30:47,fraud_Kutch-Wilderman,17.74,793 Hooper Tunnel Suite 154,Burke,VA,9031518e283510642b597ebb3f03d978,38.482133000000005,-78.26593100000001,0
Aaron,4958589671582726883,2019-03-04 18:43:14,fraud_Crona and Sons,42.11,793 Hooper Tunnel Suite 154,Burke,VA,245d6acd3eb68058a081d6da2cb5fd99,39.426675,-78.15841999999999,0
Aaron,376028110684021,2019-03-04 19:52:51,fraud_Schoen Ltd,49.45,624 Hale Springs Apt. 572,Meadville,MO,7f3196b5a9895eec879dc2efb25653d3,40.435505,-92.721088,0
Aaron,4958589671582726883,2019-03-04 21:33:37,fraud_Schmidt-Larkin,6.53,793 Hooper Tunnel Suite 154,Burke,VA,9f6589661390c3426dd0e2a1740465f3,38.369576,-77.909817,0
Aaron,4958589671582726883,2019-03-05 06:04:15,"fraud_Wiza, Schaden and Stark",7.43,793 Hooper Tunnel Suite 154,Burke,VA,0808501659cd2e1c8405fbf5a2784bdf,39.690639,-78.08126,0
Aaron,376028110684021,2019-03-05 13:03:36,"fraud_Hagenes, Hermann and Stroman",425.24,624 Hale Springs Apt. 572,Meadville,MO,97df3f393e7c73f556cf25e611699048,40.688982,-93.596901,0
Aaron,4228411452607671,2019-03-05 14:02:36,"fraud_Daugherty, Pouros and Beahan",6.69,400 Zuniga Pine,Winthrop,ME,fb1eaedf6b4a8f0209e982f35d2e1b7e,44.429745,-69.971149,0
Aaron,376028110684021,2019-03-05 18:38:13,fraud_Lemke and Sons,476.85,624 Hale Springs Apt. 572,Meadville,MO,9b5b5680e89553e824c9a4a263ee71af,40.70334,-93.731852,0
Aaron,4958589671582726883,2019-03-05 18:53:54,fraud_Barton LLC,86.86,793 Hooper Tunnel Suite 154,Burke,VA,bab892ccff4d8941acb72712d62fcf7b,38.198223,-76.47914300000001,0
Aaron,376028110684021,2019-03-05 20:54:34,fraud_O'Hara-Wilderman,52.02,624 Hale Springs Apt. 572,Meadville,MO,a0719d20c3ffe5c4634a30909588a2ad,38.979836,-93.545459,0
Aaron,4958589671582726883,2019-03-06 10:52:11,fraud_Schmidt and Sons,8.66,793 Hooper Tunnel Suite 154,Burke,VA,ccb74bd57d07791aedcda2af5d0310bf,37.812833000000005,-77.27214000000001,0
Aaron,376028110684021,2019-03-07 00:24:38,fraud_Stiedemann Inc,36.19,624 Hale Springs Apt. 572,Meadville,MO,32416eb2c473ec2242d2b1a9fb538f0e,39.365348,-92.809038,0
Aaron,4958589671582726883,2019-03-07 07:31:43,fraud_Sawayn PLC,8.07,793 Hooper Tunnel Suite 154,Burke,VA,20b1f2de0f36ac817f251241d2d7d232,39.085645,-77.503795,0
Aaron,4958589671582726883,2019-03-07 10:28:37,fraud_Goyette Inc,5.96,793 Hooper Tunnel Suite 154,Burke,VA,b62484f09f98adb0f099d57d0a4b7cf7,37.955946,-76.73433399999999,0
Aaron,4228411452607671,2019-03-07 12:07:57,fraud_Erdman-Durgan,30.15,400 Zuniga Pine,Winthrop,ME,62fcbb87de2b5881c5a72508b7d24df6,45.05255,-69.72058,0
Aaron,4958589671582726883,2019-03-07 14:34:56,fraud_Monahan-Morar,58.28,793 Hooper Tunnel Suite 154,Burke,VA,9743393a7054f2e213ed63f9cbf3ba8e,37.928659,-77.691515,0
Aaron,4260059589824237,2019-03-07 16:50:32,"fraud_Gutmann, McLaughlin and Wiza",15.34,969 Huerta Path Apt. 270,Valentine,NE,d52a9d681cdd043cd1c6397ec2bd5485,42.994787,-100.418159,0
Aaron,4958589671582726883,2019-03-07 19:05:30,fraud_Ernser-Feest,61.69,793 Hooper Tunnel Suite 154,Burke,VA,478a8bef12ab1065de3920beeee4c982,39.677223,-76.372761,0
Aaron,4228411452607671,2019-03-07 20:49:42,fraud_Halvorson Group,1.87,400 Zuniga Pine,Winthrop,ME,07c36f2b7a841f7351f1c96e28f60f77,44.25824,-69.843182,0
Aaron,4228411452607671,2019-03-08 00:02:36,"fraud_Swift, Bradtke and Marquardt",66.31,400 Zuniga Pine,Winthrop,ME,3734a57511f46c17b93598f21e6098ef,43.476481,-69.203788,0
Aaron,4228411452607671,2019-03-08 02:16:24,fraud_Cummerata-Jones,52.25,400 Zuniga Pine,Winthrop,ME,936971e9af009c9ccc97de8dc02cbbeb,44.094843,-70.071359,0
Aaron,4260059589824237,2019-03-08 03:50:03,fraud_Barton Inc,85.43,969 Huerta Path Apt. 270,Valentine,NE,2bda4ea1bba9d5a1b314dafb12c77259,43.725421,-100.292754,0
Aaron,4958589671582726883,2019-03-08 10:27:54,"fraud_Schmeler, Bashirian and Price",259.92,793 Hooper Tunnel Suite 154,Burke,VA,d61b2b3b9e098ab63b1ff0d95a42ac18,37.804338,-77.987484,0
Aaron,4228411452607671,2019-03-08 12:52:25,"fraud_Hills, Hegmann and Schaefer",23.57,400 Zuniga Pine,Winthrop,ME,77ada057380299e28b40a15c704b176c,43.379997,-69.232208,0
Aaron,4958589671582726883,2019-03-08 14:24:46,fraud_Kulas Group,37.79,793 Hooper Tunnel Suite 154,Burke,VA,b9bb0e2e3f6e1e4804986903235eda52,38.36566,-77.808137,0
Aaron,376028110684021,2019-03-08 16:07:27,"fraud_Welch, Rath and Koepp",64.93,624 Hale Springs Apt. 572,Meadville,MO,cd629dff1f096df7bfedfa9688c56ced,40.340125,-93.323278,0
Aaron,4958589671582726883,2019-03-08 22:06:44,fraud_Bode-Schuster,78.38,793 Hooper Tunnel Suite 154,Burke,VA,1c9fd33dfb7d41917701d883ec0ac23d,38.908792,-77.861733,0
Aaron,4228411452607671,2019-03-08 22:13:40,fraud_Berge-Hills,5.6,400 Zuniga Pine,Winthrop,ME,6d2930f2c97e9b6bc1d513873b927700,43.441127,-70.65669799999999,0
Aaron,376028110684021,2019-03-09 00:45:38,fraud_McGlynn-Jaskolski,30.0,624 Hale Springs Apt. 572,Meadville,MO,4de2339764097a48c43279a78245a0ba,40.080811,-93.23076,0
Aaron,4228411452607671,2019-03-09 01:10:56,fraud_Miller-Hauck,60.17,400 Zuniga Pine,Winthrop,ME,846c4ec8b0dd66cdde3af75d90d8cf83,44.730221,-70.60446999999999,0
Aaron,4958589671582726883,2019-03-09 09:41:24,fraud_Barrows PLC,9.21,793 Hooper Tunnel Suite 154,Burke,VA,ec62c3f856ff1b854318967eb5411cfd,38.444397,-76.930915,0
Aaron,376028110684021,2019-03-09 11:36:27,fraud_Jacobi and Sons,159.1,624 Hale Springs Apt. 572,Meadville,MO,b231da2a132c1b133a8a72c17482ed76,39.501886,-93.536913,0
Aaron,376028110684021,2019-03-09 15:28:23,fraud_Reilly LLC,89.78,624 Hale Springs Apt. 572,Meadville,MO,9af5f2a07ab1a4e827b4754b2db3a877,39.452438,-93.817123,0
Aaron,4228411452607671,2019-03-09 16:17:12,fraud_Stiedemann Ltd,13.72,400 Zuniga Pine,Winthrop,ME,8f5684dccf5ce98d5630f1cc3f8348fb,44.064358,-69.098141,0
Aaron,376028110684021,2019-03-09 17:02:34,fraud_Roob-Okuneva,76.11,624 Hale Springs Apt. 572,Meadville,MO,583ffdd6df5298b962ca348ce44cf4d9,40.733999,-94.132471,0
Aaron,376028110684021,2019-03-09 23:38:05,fraud_Little-Gleichner,563.06,624 Hale Springs Apt. 572,Meadville,MO,d23d74f6c369cb9181791a336b1902e4,40.054602,-92.972327,0
Aaron,376028110684021,2019-03-10 00:28:14,fraud_Friesen-D'Amore,72.45,624 Hale Springs Apt. 572,Meadville,MO,b73b4ba76111098e1d36f3b1b8d1f64e,39.685113,-94.057759,0
Aaron,4958589671582726883,2019-03-10 00:33:34,fraud_Fisher-Schowalter,7.45,793 Hooper Tunnel Suite 154,Burke,VA,16560e18f7677092d751596f7f6028e3,38.571728,-76.282575,0
Aaron,4958589671582726883,2019-03-10 00:46:05,"fraud_Schroeder, Hauck and Treutel",4.16,793 Hooper Tunnel Suite 154,Burke,VA,ccbac2f4539f7890a789ab35b3999dc7,39.4234,-77.37569599999999,0
Aaron,376028110684021,2019-03-10 03:42:58,fraud_Kris-Weimann,76.65,624 Hale Springs Apt. 572,Meadville,MO,0da18bc7c7957de7af7d026302021339,40.470946000000005,-92.917087,0
Aaron,376028110684021,2019-03-10 04:55:34,fraud_Maggio-Fahey,30.71,624 Hale Springs Apt. 572,Meadville,MO,bfad8ce6ca990fdece2799a167d07853,39.12955,-93.669329,0
Aaron,376028110684021,2019-03-10 05:15:45,"fraud_Romaguera, Cruickshank and Greenholt",95.18,624 Hale Springs Apt. 572,Meadville,MO,fd94e1c5cacebd178b6b6336135dc893,40.761009,-92.661766,0
Aaron,4958589671582726883,2019-03-10 07:02:04,fraud_Conroy-Emard,114.04,793 Hooper Tunnel Suite 154,Burke,VA,0e4e6f36b1544d140d673224f1388977,39.017796,-77.772948,0
Aaron,376028110684021,2019-03-10 08:16:58,fraud_Terry-Huel,91.67,624 Hale Springs Apt. 572,Meadville,MO,78b70ace876f0e1b488b12cbcb3c85d9,40.072833,-94.230211,0
Aaron,376028110684021,2019-03-10 09:57:01,"fraud_Jenkins, Hauck and Friesen",68.75,624 Hale Springs Apt. 572,Meadville,MO,6d2623c3a1c0d5d128144a893187bbbb,38.948126,-94.290606,0
Aaron,376028110684021,2019-03-10 13:25:06,fraud_Upton PLC,79.04,624 Hale Springs Apt. 572,Meadville,MO,7e16cfaca39a7eebff80f77400795b38,39.403201,-92.53628,0
Aaron,4958589671582726883,2019-03-10 16:01:00,fraud_Greenholt Ltd,9.68,793 Hooper Tunnel Suite 154,Burke,VA,f048dcacc49eaac3bdba8a6c06ef42cb,38.525089,-76.918409,0
Aaron,4958589671582726883,2019-03-10 18:36:17,fraud_Watsica LLC,7.81,793 Hooper Tunnel Suite 154,Burke,VA,f2a3a91cb7a75d9e86f6837096b96099,37.828465,-78.0095,0
Aaron,376028110684021,2019-03-10 22:32:20,fraud_Nienow PLC,68.7,624 Hale Springs Apt. 572,Meadville,MO,2a2896eac5300c415c084788f644d1c5,40.403518,-93.057081,0
Aaron,4260059589824237,2019-03-11 02:46:08,fraud_Kihn-Fritsch,43.99,969 Huerta Path Apt. 270,Valentine,NE,62dc2abb0bfcc0e4653e0e87706c6c4f,43.039729,-100.162793,0
Aaron,4958589671582726883,2019-03-11 03:33:30,fraud_Collier Inc,97.66,793 Hooper Tunnel Suite 154,Burke,VA,e33aaa9afbf43e906c405a53a8d3cdab,38.814428,-77.169197,0
Aaron,376028110684021,2019-03-11 09:15:18,fraud_Nader-Heller,98.0,624 Hale Springs Apt. 572,Meadville,MO,0998db01fd474e5f4d485419a401bdb6,40.715026,-93.760115,0
Aaron,376028110684021,2019-03-11 10:13:41,fraud_Funk Group,48.51,624 Hale Springs Apt. 572,Meadville,MO,502b58494004a61441f1371480ff720b,40.081677,-93.452361,0
Aaron,376028110684021,2019-03-11 11:40:19,"fraud_Romaguera, Cruickshank and Greenholt",90.77,624 Hale Springs Apt. 572,Meadville,MO,9d98063c72ee5b3eca4c81d0b63f7b69,38.802586,-93.260505,0
Aaron,376028110684021,2019-03-11 11:59:30,fraud_Schumm PLC,101.32,624 Hale Springs Apt. 572,Meadville,MO,13fad809f0fdd3776734757eb687435e,40.104874,-94.204749,0
Aaron,376028110684021,2019-03-11 16:15:06,"fraud_O'Connell, Botsford and Hand",91.48,624 Hale Springs Apt. 572,Meadville,MO,ea31bd49c2d99c7808961041b4dd6263,39.210716,-93.35575,0
Aaron,4958589671582726883,2019-03-11 17:14:01,fraud_O'Connell-Ullrich,15.68,793 Hooper Tunnel Suite 154,Burke,VA,16adceb6dd9047e7c43d91bdc9584c47,39.542038,-77.554002,0
Aaron,4958589671582726883,2019-03-11 18:50:34,fraud_Barton LLC,61.23,793 Hooper Tunnel Suite 154,Burke,VA,decf2316f6ad2cd99c19b2314d8f2f34,39.582045,-76.486811,0
Aaron,4260059589824237,2019-03-11 21:05:50,"fraud_Roberts, Ryan and Smith",156.7,969 Huerta Path Apt. 270,Valentine,NE,669d66c8fad7065a4d22ae3fd30d83fe,41.819156,-101.105003,0
Aaron,4958589671582726883,2019-03-12 01:59:58,"fraud_Schroeder, Hauck and Treutel",14.18,793 Hooper Tunnel Suite 154,Burke,VA,ee2e60683a4b06c764afb58833440a4d,37.938315,-76.88679300000001,0
Aaron,4228411452607671,2019-03-12 03:26:04,fraud_Bauch-Raynor,76.88,400 Zuniga Pine,Winthrop,ME,faa6c6f459912bb17cb53ace7805ae23,43.61157,-70.086445,0
Aaron,4228411452607671,2019-03-12 15:42:15,fraud_Kerluke-Abshire,9.48,400 Zuniga Pine,Winthrop,ME,aa729eed89a6d6e2e5391133dc6f2f55,44.746064,-70.26671,0
Aaron,376028110684021,2019-03-13 02:31:07,fraud_Spinka Inc,52.69,624 Hale Springs Apt. 572,Meadville,MO,f2a20e0f01889fa7f7174ad8f5fee509,39.957113,-92.829808,0
Aaron,4958589671582726883,2019-03-13 11:05:40,"fraud_Eichmann, Bogan and Rodriguez",54.96,793 Hooper Tunnel Suite 154,Burke,VA,158c276110c0c0cd1a768bbad04a0432,39.522343,-78.110632,0
Aaron,376028110684021,2019-03-13 15:37:27,fraud_Satterfield-Lowe,485.17,624 Hale Springs Apt. 572,Meadville,MO,da9423834a32247461765684f28ca84b,40.166036,-94.247969,0
Aaron,376028110684021,2019-03-13 17:19:24,fraud_Goyette-Herzog,517.69,624 Hale Springs Apt. 572,Meadville,MO,e687a37bd709881ee5b363a2a0d98aa4,39.169082,-92.55252,0
Aaron,4958589671582726883,2019-03-13 18:55:42,"fraud_Schoen, Nienow and Bauch",38.83,793 Hooper Tunnel Suite 154,Burke,VA,59ee37e589e31069cce37b1488d7f825,39.531158000000005,-77.048529,0
Aaron,376028110684021,2019-03-13 21:37:01,fraud_Turner LLC,429.18,624 Hale Springs Apt. 572,Meadville,MO,2b74aa8f4c443dc225ffe60d2e245a04,39.989897,-92.528885,0
Aaron,4228411452607671,2019-03-14 00:23:45,"fraud_Lind, Huel and McClure",67.07,400 Zuniga Pine,Winthrop,ME,9bd4c0e3cc0ec3445a0b61014f7a4436,43.594569,-70.80751500000001,0
Aaron,376028110684021,2019-03-14 00:47:28,fraud_Kris-Weimann,114.19,624 Hale Springs Apt. 572,Meadville,MO,748705bf16ee896ba5d26915024d27a8,39.905736,-93.809073,0
Aaron,4958589671582726883,2019-03-14 03:41:46,"fraud_Reilly, Heaney and Cole",74.84,793 Hooper Tunnel Suite 154,Burke,VA,546728327b62a96bfb1d0cdcecd7bf8b,39.274116,-77.306531,0
Aaron,376028110684021,2019-03-14 04:29:23,fraud_Balistreri-Nader,37.93,624 Hale Springs Apt. 572,Meadville,MO,c1a64035876c9c04679fd3f14ce1e903,40.38244,-93.862527,0
Aaron,4260059589824237,2019-03-14 09:25:01,fraud_Howe PLC,16.6,969 Huerta Path Apt. 270,Valentine,NE,51e59fc4fe90bbe433c9cd8babb5619e,42.848281,-100.736698,0
Aaron,4958589671582726883,2019-03-14 09:51:23,fraud_Kuhic Inc,71.02,793 Hooper Tunnel Suite 154,Burke,VA,4f30509e6559fd917465003d8cd83150,37.870966,-78.177008,0
Aaron,376028110684021,2019-03-14 11:19:17,fraud_Boyer-Reichert,99.43,624 Hale Springs Apt. 572,Meadville,MO,cde0369e9efeb10b6db840db1009c609,40.55305,-93.94927,0
Aaron,376028110684021,2019-03-14 15:37:33,fraud_Larson-Moen,94.46,624 Hale Springs Apt. 572,Meadville,MO,77e5b2d7fe8311f7d3cdad7f523a8d7a,39.530136,-93.155718,0
Aaron,4958589671582726883,2019-03-14 16:13:48,"fraud_Koss, McLaughlin and Mayer",66.06,793 Hooper Tunnel Suite 154,Burke,VA,5b2bab6311595c5d4a1c185cc61a651c,38.794298,-77.282075,0
Aaron,4958589671582726883,2019-03-14 16:42:04,fraud_Kulas Group,3.17,793 Hooper Tunnel Suite 154,Burke,VA,a28cf1ddc14aaef0ebc78943f99bb00f,37.89889,-76.51397800000001,0
Aaron,4958589671582726883,2019-03-14 17:42:45,fraud_Fadel Inc,30.2,793 Hooper Tunnel Suite 154,Burke,VA,93a3ad5d7f198f0471b409ae2ab57983,38.920454,-78.10684599999999,0
Aaron,4260059589824237,2019-03-15 00:27:57,fraud_Gibson-Deckow,34.99,969 Huerta Path Apt. 270,Valentine,NE,5d0f3abe9054bc11a03ec1755c1aac43,42.358795,-101.459584,0
Aaron,4958589671582726883,2019-03-15 00:42:11,fraud_Kuhn LLC,3.04,793 Hooper Tunnel Suite 154,Burke,VA,412f670ea5283fa1cfdcbffd95b597cf,38.225145,-77.527662,0
Aaron,376028110684021,2019-03-15 04:12:37,"fraud_Greenholt, Jacobi and Gleason",72.22,624 Hale Springs Apt. 572,Meadville,MO,265a2cf0df5bb10993427ff2587cf8ab,40.746445,-92.720704,0
Aaron,4958589671582726883,2019-03-15 04:45:40,"fraud_Lakin, Ferry and Beatty",147.1,793 Hooper Tunnel Suite 154,Burke,VA,3a679408a61e3fe6b7185186e14ff5b2,38.979008,-76.590539,0
Aaron,376028110684021,2019-03-15 12:48:38,fraud_Cruickshank-Mills,72.67,624 Hale Springs Apt. 572,Meadville,MO,245b01a89db8093d61855120114b004d,40.5604,-93.875915,0
Aaron,376028110684021,2019-03-15 13:46:14,fraud_Will Ltd,69.39,624 Hale Springs Apt. 572,Meadville,MO,551e28850c089801c16a1bf83a206063,39.24088,-92.355329,0
Aaron,376028110684021,2019-03-15 19:06:43,fraud_Renner Ltd,70.96,624 Hale Springs Apt. 572,Meadville,MO,8e929060532f300c9adb979b021b2735,40.347885,-93.916594,0
Aaron,376028110684021,2019-03-15 23:46:22,fraud_Brown-Greenholt,82.77,624 Hale Springs Apt. 572,Meadville,MO,70ee01112044726575e6088af811f208,38.883984000000005,-92.421354,0
Aaron,4958589671582726883,2019-03-16 07:27:04,fraud_Koelpin and Sons,1.51,793 Hooper Tunnel Suite 154,Burke,VA,9d0902672d9a543c10ad1d29ec242b49,38.875945,-77.970809,0
Aaron,4260059589824237,2019-03-16 10:37:39,fraud_Sawayn PLC,6.61,969 Huerta Path Apt. 270,Valentine,NE,3ef7b0233ebc2ff4f85a2aaa65b741b5,43.117337,-100.672751,0
Aaron,4228411452607671,2019-03-16 17:13:22,fraud_Price Inc,1.08,400 Zuniga Pine,Winthrop,ME,cce271ccbe10e06716f7698f2d4d397d,43.341978000000005,-69.043976,0
Aaron,376028110684021,2019-03-16 17:32:04,fraud_Dibbert-Green,62.46,624 Hale Springs Apt. 572,Meadville,MO,b343261b8c28598225401429857fb61c,39.425255,-93.88179,0
Aaron,376028110684021,2019-03-16 21:01:52,fraud_Kihn Inc,127.24,624 Hale Springs Apt. 572,Meadville,MO,e42c27a8a73cc201df65704079c71979,40.462931,-93.677282,0
Aaron,4958589671582726883,2019-03-16 21:38:54,fraud_Schmeler-Howe,8.57,793 Hooper Tunnel Suite 154,Burke,VA,8bb426816dcf5dc14748e1cd5686086d,39.666809,-76.62056899999999,0
Aaron,4958589671582726883,2019-03-16 21:58:05,fraud_Gottlieb-Hansen,65.47,793 Hooper Tunnel Suite 154,Burke,VA,006c5ff3ad8f7d0f7c4888a354e24845,37.838086,-77.629421,0
Aaron,4958589671582726883,2019-03-16 23:05:19,fraud_Friesen Ltd,2.17,793 Hooper Tunnel Suite 154,Burke,VA,ab39924fd1c88a5f1572259a81dd28f1,37.970983,-77.890661,0
Aaron,4958589671582726883,2019-03-17 00:52:24,fraud_Ledner-Pfannerstill,69.16,793 Hooper Tunnel Suite 154,Burke,VA,6a0a840289a855a01aa814f3274ca870,38.161543,-76.47845500000001,0
Aaron,376028110684021,2019-03-17 02:24:33,"fraud_Ruecker, Beer and Collier",89.33,624 Hale Springs Apt. 572,Meadville,MO,5b54e0348a1c58651c32ee52fc234c43,40.140056,-92.476658,0
Aaron,4958589671582726883,2019-03-17 04:00:38,fraud_Prohaska-Murray,78.17,793 Hooper Tunnel Suite 154,Burke,VA,d12aa14090c38270fcf5eb2fa5d58780,39.701965,-77.65583000000001,0
Aaron,4958589671582726883,2019-03-17 05:41:56,fraud_Miller-Harris,2.06,793 Hooper Tunnel Suite 154,Burke,VA,d7332e579d46d93c1aa8d61a7e14eb8b,38.99837,-76.94249,0
Aaron,4260059589824237,2019-03-17 08:11:16,fraud_Bins-Rice,61.49,969 Huerta Path Apt. 270,Valentine,NE,84146acd2a334aeb7e4dd557d0ebf788,43.219736,-99.985225,0
Aaron,4958589671582726883,2019-03-17 09:17:24,fraud_Bahringer-Streich,24.27,793 Hooper Tunnel Suite 154,Burke,VA,41fe99c598c8df5156a2a29f36521905,39.7529,-77.20943,0
Aaron,4228411452607671,2019-03-17 11:02:07,fraud_Torp-Labadie,50.55,400 Zuniga Pine,Winthrop,ME,b0759e3cf236e7bace63f8b902dec590,44.338892,-70.484215,0
Aaron,4260059589824237,2019-03-17 11:40:17,fraud_Mohr-Bayer,1.56,969 Huerta Path Apt. 270,Valentine,NE,fa8b0c2e493f5542a191c7577fbcf66c,42.175445,-100.15945,0
Aaron,4228411452607671,2019-03-17 13:45:41,fraud_Bednar PLC,30.35,400 Zuniga Pine,Winthrop,ME,788b8d2e93e8e098c2483d529f048ffe,43.940934000000006,-69.629044,0
Aaron,4958589671582726883,2019-03-17 17:10:17,fraud_Breitenberg-Hermiston,133.28,793 Hooper Tunnel Suite 154,Burke,VA,16f6d76655b9566655fc8a60b446cc69,37.923061,-78.14995,0
Aaron,376028110684021,2019-03-17 18:40:27,fraud_Haag-Blanda,48.38,624 Hale Springs Apt. 572,Meadville,MO,4a5c777deff3f4a3587aad7edc59fd5e,40.058981,-93.802903,0
Aaron,376028110684021,2019-03-17 20:52:09,fraud_Schimmel-Olson,49.93,624 Hale Springs Apt. 572,Meadville,MO,548fe5a1ee063cfc59f63263aaff5103,39.44756,-93.094196,0
Aaron,4260059589824237,2019-03-18 03:30:14,fraud_Kris-Weimann,7.84,969 Huerta Path Apt. 270,Valentine,NE,df65d625923664023041028a1a390fae,43.199592,-100.585858,0
Aaron,4228411452607671,2019-03-18 11:16:16,fraud_Mante Group,3.21,400 Zuniga Pine,Winthrop,ME,a9d49cf29ff370d169360fe9ae0cfc5b,44.455767,-70.044072,0
Aaron,4260059589824237,2019-03-18 13:15:17,fraud_Larkin Ltd,91.46,969 Huerta Path Apt. 270,Valentine,NE,a3d4c05a2a889d6303e060b7b114a3b6,43.725570000000005,-99.805949,0
Aaron,376028110684021,2019-03-18 13:39:27,fraud_Gerhold LLC,70.72,624 Hale Springs Apt. 572,Meadville,MO,97345c9c32cb08d76c41b9e723d4add0,40.716534,-92.39427,0
Aaron,4228411452607671,2019-03-18 16:31:46,fraud_Gleason and Sons,55.0,400 Zuniga Pine,Winthrop,ME,f7c7d28c3f43e815c9d87dc33f670501,43.926372,-70.68820500000001,0
Aaron,4228411452607671,2019-03-18 17:52:51,fraud_Beier and Sons,65.3,400 Zuniga Pine,Winthrop,ME,2961f6135c5ba9e5ab150ed5e3f560cb,44.55059,-69.945588,0
Aaron,4958589671582726883,2019-03-18 20:02:58,fraud_Botsford PLC,243.41,793 Hooper Tunnel Suite 154,Burke,VA,ef130470b9621ce838cdb37b99cb76c6,39.547123,-76.66786,0
Aaron,376028110684021,2019-03-18 21:33:50,"fraud_McCullough, Hudson and Schuster",56.05,624 Hale Springs Apt. 572,Meadville,MO,00b3e6ead93d2470131242baf743d2b1,40.295767,-93.217285,0
Aaron,4260059589824237,2019-03-18 22:40:21,fraud_Lynch-Wisozk,146.97,969 Huerta Path Apt. 270,Valentine,NE,72a05f7f724e478a92bea70a3dfe104a,42.639981,-99.875448,0
Aaron,376028110684021,2019-03-19 08:00:10,fraud_Berge LLC,68.57,624 Hale Springs Apt. 572,Meadville,MO,15f0d07308a76024b38642b2225f46ea,38.915972,-93.604821,0
Aaron,4228411452607671,2019-03-19 10:03:23,"fraud_Huel, Hammes and Witting",54.4,400 Zuniga Pine,Winthrop,ME,d5502ebfa52b9538df15b17f4b13aa66,43.694645,-69.05646999999999,0
Aaron,4958589671582726883,2019-03-19 10:05:16,fraud_Conroy-Cruickshank,55.64,793 Hooper Tunnel Suite 154,Burke,VA,5826cac9076d82930ec079b3188a5bef,39.516029,-77.726435,0
Aaron,4958589671582726883,2019-03-19 15:25:03,fraud_Waelchi Inc,33.28,793 Hooper Tunnel Suite 154,Burke,VA,89176ed798d91d0122f21a88dec3e4e1,37.90783,-77.03148399999999,0
Aaron,376028110684021,2019-03-19 16:04:30,fraud_Deckow-Dare,67.21,624 Hale Springs Apt. 572,Meadville,MO,f3df72c6da888d9cdcb183b7e811cf94,39.231005,-92.540551,0
Aaron,4958589671582726883,2019-03-20 09:38:33,fraud_Ledner-Pfannerstill,81.64,793 Hooper Tunnel Suite 154,Burke,VA,f0be4dbd2585886d73cca640392bbeaa,38.103151,-78.041667,0
Aaron,4958589671582726883,2019-03-20 14:19:25,fraud_Reilly and Sons,3.06,793 Hooper Tunnel Suite 154,Burke,VA,0ba8d1db23a869413a57fe085cdab995,39.406332,-76.984476,0
Aaron,376028110684021,2019-03-20 16:03:00,"fraud_Goyette, Howell and Collier",121.8,624 Hale Springs Apt. 572,Meadville,MO,32fc9b323d342374add8d274447b8e4c,40.370845,-92.688047,0
Aaron,4958589671582726883,2019-03-20 18:57:12,"fraud_Mante, Luettgen and Hackett",119.66,793 Hooper Tunnel Suite 154,Burke,VA,132de74a916d8e5884e41b426f22ebac,38.531778,-76.70208000000001,0
Aaron,376028110684021,2019-03-20 23:14:23,"fraud_Durgan, Gislason and Spencer",82.41,624 Hale Springs Apt. 572,Meadville,MO,f6e0eff5001d58b730045579f7e36461,40.134099,-94.16445,0
Aaron,4958589671582726883,2019-03-21 04:02:32,fraud_Christiansen-Gusikowski,4.56,793 Hooper Tunnel Suite 154,Burke,VA,6c41bfdd3de99838c704471d18fc4d54,38.255257,-77.992483,0
Aaron,376028110684021,2019-03-21 08:40:28,fraud_McGlynn-Jaskolski,51.08,624 Hale Springs Apt. 572,Meadville,MO,4749b158ad6a44e258a4794517abcebf,40.613127,-94.161819,0
Aaron,376028110684021,2019-03-21 12:58:06,fraud_Parker-Kunde,73.02,624 Hale Springs Apt. 572,Meadville,MO,8f8076d3c205f6868aa32c1966c14a02,38.792919,-93.388445,0
Aaron,376028110684021,2019-03-21 13:23:03,fraud_Boyer-Haley,440.52,624 Hale Springs Apt. 572,Meadville,MO,78c8f9bc00c873894ec007feceff87e9,39.851762,-94.009498,0
Aaron,4958589671582726883,2019-03-21 15:03:31,fraud_Botsford and Sons,34.05,793 Hooper Tunnel Suite 154,Burke,VA,a0cc94a30d5104d83018a7283541914c,38.232649,-76.441843,0
Aaron,376028110684021,2019-03-21 17:55:43,fraud_Bins-Howell,71.48,624 Hale Springs Apt. 572,Meadville,MO,9de64f892046367ddda69ae0973ca32b,39.409283,-92.412821,0
Aaron,376028110684021,2019-03-21 17:57:47,fraud_Abernathy and Sons,60.05,624 Hale Springs Apt. 572,Meadville,MO,0826e12067922e77f959dbfe69e7501b,39.986066,-93.931767,0
Aaron,4958589671582726883,2019-03-21 20:09:52,fraud_Collier LLC,24.58,793 Hooper Tunnel Suite 154,Burke,VA,2fbf83543947c3dc17fc43056b948a5a,37.882584,-78.091145,0
Aaron,4958589671582726883,2019-03-22 01:40:05,fraud_Emard Inc,51.04,793 Hooper Tunnel Suite 154,Burke,VA,ce87eb00c51c038825528cf368f956d1,39.202987,-76.359222,0
Aaron,4958589671582726883,2019-03-22 04:57:55,fraud_Rau and Sons,121.84,793 Hooper Tunnel Suite 154,Burke,VA,c61f329ce1209c42fa18881192c2ca0c,38.967408,-78.086605,0
Aaron,4958589671582726883,2019-03-22 05:00:58,"fraud_Stanton, Jakubowski and Baumbach",250.0,793 Hooper Tunnel Suite 154,Burke,VA,7e47dc8cf98a3268f56b2fe6ace7daa5,38.901466,-78.232632,0
Aaron,376028110684021,2019-03-22 14:07:17,fraud_Breitenberg-Hermiston,53.6,624 Hale Springs Apt. 572,Meadville,MO,41e5c05480f725ebe8835b4fd3b9752b,39.177314,-92.356006,0
Aaron,376028110684021,2019-03-22 18:57:02,fraud_Osinski Inc,72.04,624 Hale Springs Apt. 572,Meadville,MO,2395b1eb5b9b511fc3aebfad85f13b1d,39.2867,-94.219745,0
Aaron,376028110684021,2019-03-22 23:22:27,fraud_Bode-Schuster,56.75,624 Hale Springs Apt. 572,Meadville,MO,ef3f13db7e0dd6b33b48a328e6a08ee3,39.091443,-92.519405,0
Aaron,376028110684021,2019-03-23 00:22:55,fraud_Hudson-Ratke,98.01,624 Hale Springs Apt. 572,Meadville,MO,245229921a714426e865fec4cd9d5b82,38.95535,-92.559539,0
Aaron,4958589671582726883,2019-03-23 01:00:04,fraud_Wolf Inc,91.57,793 Hooper Tunnel Suite 154,Burke,VA,02bc1dfb735eee9d65e2c478f9a8fb8c,38.676412,-77.813328,0
Aaron,376028110684021,2019-03-23 08:56:43,fraud_Jacobi and Sons,134.75,624 Hale Springs Apt. 572,Meadville,MO,a6a9b6287301d023d577ca403ead766e,39.484286,-92.948821,0
Aaron,376028110684021,2019-03-23 11:19:07,fraud_Cummings LLC,61.87,624 Hale Springs Apt. 572,Meadville,MO,fe3d33aaaa795c21a3b4a5427ff95431,39.008832,-94.231732,0
Aaron,4958589671582726883,2019-03-23 12:13:57,"fraud_McLaughlin, Armstrong and Koepp",6.08,793 Hooper Tunnel Suite 154,Burke,VA,d0c1fbd08b6f68b38bac9ec40a309e64,37.830282,-76.655636,0
Aaron,4260059589824237,2019-03-23 14:43:41,fraud_Altenwerth-Kilback,68.13,969 Huerta Path Apt. 270,Valentine,NE,1ec1889c08531eb8e8a2392d30f45ada,42.031898,-99.832993,0
Aaron,4260059589824237,2019-03-23 18:20:25,"fraud_Dare, Casper and Bartoletti",53.4,969 Huerta Path Apt. 270,Valentine,NE,19ef1b5a323e1df4c9bbe7fbbd7fd6db,42.102275,-99.723779,0
Aaron,376028110684021,2019-03-23 20:19:48,fraud_Schaefer Ltd,43.34,624 Hale Springs Apt. 572,Meadville,MO,55331c469a677f5beb03ea08307d9146,40.699034000000005,-93.094325,0
Aaron,376028110684021,2019-03-23 22:09:40,"fraud_Hettinger, McCullough and Fay",76.5,624 Hale Springs Apt. 572,Meadville,MO,9df831fce9c1be04b1e45f7becf5cdde,39.54502,-93.869064,0
Aaron,376028110684021,2019-03-24 00:00:06,fraud_Bradtke PLC,95.28,624 Hale Springs Apt. 572,Meadville,MO,06a83960d6341ef2d8e4f175b82556bf,40.422513,-93.210897,0
Aaron,4958589671582726883,2019-03-24 03:46:56,fraud_Kuphal-Bartoletti,7.81,793 Hooper Tunnel Suite 154,Burke,VA,a5302ad24ac2530f897b386e31ca748c,39.606448,-76.303987,0
Aaron,4958589671582726883,2019-03-24 03:57:01,fraud_Stracke-Lemke,77.37,793 Hooper Tunnel Suite 154,Burke,VA,57332e6c589e235753d062583a5f8b9f,38.559306,-78.1971,0
Aaron,376028110684021,2019-03-24 05:20:17,"fraud_Huel, Hammes and Witting",109.33,624 Hale Springs Apt. 572,Meadville,MO,fdce1db8b4004031d24da40b2eb6684e,39.612432,-93.113955,0
Aaron,376028110684021,2019-03-24 06:00:12,fraud_Kiehn Inc,102.88,624 Hale Springs Apt. 572,Meadville,MO,078af5b454d6e84d1c236c651e1046b2,39.533986,-93.189337,0
Aaron,376028110684021,2019-03-24 08:16:15,"fraud_Stokes, Christiansen and Sipes",55.51,624 Hale Springs Apt. 572,Meadville,MO,ae9fd9811c48b1db001908583808761e,40.631466,-93.74343,0
Aaron,4228411452607671,2019-03-24 09:43:15,fraud_Bogisich Inc,36.18,400 Zuniga Pine,Winthrop,ME,22b71ebdf85e3428cb8012eea4c8bfe0,43.439038,-69.275769,0
Aaron,4260059589824237,2019-03-24 10:46:17,"fraud_Stroman, Hudson and Erdman",54.66,969 Huerta Path Apt. 270,Valentine,NE,68bacd25068cf56ae4bb260a36b5080f,42.97886,-100.300125,0
Aaron,376028110684021,2019-03-24 13:57:22,fraud_Bins-Howell,84.14,624 Hale Springs Apt. 572,Meadville,MO,c578b7daede0a56c95a3ded06a60f91b,39.718836,-93.921506,0
Aaron,4958589671582726883,2019-03-24 15:49:16,fraud_Hirthe-Beier,5.25,793 Hooper Tunnel Suite 154,Burke,VA,32f7e9b3f19235036c492ade7b73045f,39.670549,-76.629841,0
Aaron,376028110684021,2019-03-24 15:54:19,fraud_Botsford Ltd,149.25,624 Hale Springs Apt. 572,Meadville,MO,7f1a89b3676cc23524aba1d6399ec833,38.883803,-92.451197,0
Aaron,376028110684021,2019-03-24 17:33:29,fraud_Grimes LLC,69.85,624 Hale Springs Apt. 572,Meadville,MO,063b5d821988e5986ed41cf4657ef626,40.604153,-92.76124,0
Aaron,4958589671582726883,2019-03-24 18:07:17,fraud_Champlin and Sons,97.05,793 Hooper Tunnel Suite 154,Burke,VA,f2a354ee22a8b27d7dc858eb7e84919d,38.547859,-77.500072,0
Aaron,376028110684021,2019-03-24 19:54:20,fraud_Douglas-White,75.14,624 Hale Springs Apt. 572,Meadville,MO,a525d0504ae3940bbea7f26470c20f66,39.030307,-93.493273,0
Aaron,4260059589824237,2019-03-24 21:17:30,fraud_Windler LLC,33.03,969 Huerta Path Apt. 270,Valentine,NE,e2f9535b9dc76a61d6342df202fb7f68,42.131983,-101.022205,0
Aaron,4260059589824237,2019-03-24 22:39:05,fraud_Barton LLC,172.09,969 Huerta Path Apt. 270,Valentine,NE,c2b4568884d6e3d94b0eb5fffd86fb1b,43.101529,-100.671568,0
Aaron,4958589671582726883,2019-03-25 00:28:39,fraud_Heller-Langosh,42.0,793 Hooper Tunnel Suite 154,Burke,VA,d69d54cb54e52fd6efa4b77bc86f1459,38.530637,-76.369076,0
Aaron,4228411452607671,2019-03-25 01:23:04,fraud_Harris Inc,49.9,400 Zuniga Pine,Winthrop,ME,a17bfdffe1be9abdf83512f0c6dec821,43.799995,-69.210704,0
Aaron,376028110684021,2019-03-25 03:13:42,fraud_McDermott-Rice,33.02,624 Hale Springs Apt. 572,Meadville,MO,c9e5c98f5f08c46c5b83a35a7e4e22a9,39.121933,-93.339264,0
Aaron,4958589671582726883,2019-03-25 03:33:43,fraud_Mraz-Herzog,68.28,793 Hooper Tunnel Suite 154,Burke,VA,21b88e33ed14b8d671f6280a8229e84e,37.996313,-77.982035,0
Aaron,376028110684021,2019-03-25 06:51:42,"fraud_Bahringer, Schoen and Corkery",129.6,624 Hale Springs Apt. 572,Meadville,MO,afe2b6e57a78444a9490e00be50bafb7,38.92612,-93.468711,0
Aaron,4958589671582726883,2019-03-25 07:28:42,"fraud_Schroeder, Hauck and Treutel",31.06,793 Hooper Tunnel Suite 154,Burke,VA,2e56ee0bd97fba8c9a732fc55b34e160,38.020914000000005,-77.918602,0
Aaron,376028110684021,2019-03-25 13:02:38,fraud_Schuppe-Schuppe,58.52,624 Hale Springs Apt. 572,Meadville,MO,0b4cfebc5b3ea74d4e21a9f0a7518259,39.94251,-93.674538,0
Aaron,376028110684021,2019-03-25 15:20:53,"fraud_Willms, Kris and Bergnaum",126.57,624 Hale Springs Apt. 572,Meadville,MO,d937175d79c3a554a545d521111108c0,40.148457,-93.425128,0
Aaron,4958589671582726883,2019-03-25 16:54:26,fraud_White and Sons,73.06,793 Hooper Tunnel Suite 154,Burke,VA,ceb5800a58607297ab5f891e625df205,39.176336,-76.998974,0
Aaron,4958589671582726883,2019-03-25 18:53:17,"fraud_Bradtke, Torp and Bahringer",30.54,793 Hooper Tunnel Suite 154,Burke,VA,3e476edfb8641614323eec17b71c338b,38.019104,-77.19057099999999,0
Aaron,4958589671582726883,2019-03-25 20:33:26,"fraud_O'Connell, Botsford and Hand",22.99,793 Hooper Tunnel Suite 154,Burke,VA,8899e2d2d89a914b756856dbc09fa6ba,38.028558,-76.855293,0
Aaron,376028110684021,2019-03-26 04:49:11,"fraud_Reichert, Huels and Hoppe",93.04,624 Hale Springs Apt. 572,Meadville,MO,b95cc4fc9acb68c202ee8fb2a123d54b,40.093745,-93.41029,0
Aaron,376028110684021,2019-03-26 05:15:13,fraud_Hills-Olson,54.76,624 Hale Springs Apt. 572,Meadville,MO,1f45c2f81793d7c61767b10035aa0535,39.641124,-92.658087,0
Aaron,376028110684021,2019-03-26 07:13:16,"fraud_Altenwerth, Cartwright and Koss",88.09,624 Hale Springs Apt. 572,Meadville,MO,95d737ab17e0756dedcf812c63a80463,39.866269,-93.22336,0
Aaron,4260059589824237,2019-03-26 07:31:36,"fraud_Reilly, Heaney and Cole",67.19,969 Huerta Path Apt. 270,Valentine,NE,3e54eda62e86c15310a9d6a293465bfe,42.828795,-100.345086,0
Aaron,376028110684021,2019-03-26 08:19:45,fraud_Rutherford-Mertz,110.21,624 Hale Springs Apt. 572,Meadville,MO,fb2c769b65ef20d4f96ba51827a94ea9,38.899131,-92.460733,0
Aaron,376028110684021,2019-03-26 15:41:12,"fraud_Durgan, Gislason and Spencer",89.69,624 Hale Springs Apt. 572,Meadville,MO,4c461ce64617a37398dbe76675d26774,39.182501,-92.596407,0
Aaron,376028110684021,2019-03-26 18:29:34,"fraud_Weber, Thiel and Hammes",52.94,624 Hale Springs Apt. 572,Meadville,MO,d0019a99d84bcac79246411a8a489d42,40.603372,-93.885172,0
Aaron,4958589671582726883,2019-03-27 00:29:41,fraud_Vandervort-Funk,95.28,793 Hooper Tunnel Suite 154,Burke,VA,f4b1ccaf59c4f732a38ffd41d705d476,38.534492,-77.746571,0
Aaron,376028110684021,2019-03-27 01:00:10,fraud_O'Keefe-Hudson,99.04,624 Hale Springs Apt. 572,Meadville,MO,878495eb7357dbe494250f5a723388fa,40.079819,-93.114527,0
Aaron,376028110684021,2019-03-27 09:56:16,fraud_Ankunding LLC,102.0,624 Hale Springs Apt. 572,Meadville,MO,4583c24e529cbef72f8b4059dcb3e97b,39.125440000000005,-93.826151,0
Aaron,4958589671582726883,2019-03-27 13:29:41,"fraud_Zemlak, Tillman and Cremin",14.33,793 Hooper Tunnel Suite 154,Burke,VA,84a13bb280354e1cef85afe0cfd6ae00,39.256691,-77.834401,0
Aaron,4228411452607671,2019-03-27 19:19:45,"fraud_O'Connell, Botsford and Hand",12.17,400 Zuniga Pine,Winthrop,ME,795e569bbd901923925bbef0f531b421,44.766774,-70.274454,0
Aaron,376028110684021,2019-03-27 23:48:33,fraud_Bins-Howell,70.62,624 Hale Springs Apt. 572,Meadville,MO,a0ea0d233b8893b04b5d882370311eac,39.535141,-92.866395,0
Aaron,4958589671582726883,2019-03-28 00:39:00,fraud_Effertz LLC,44.48,793 Hooper Tunnel Suite 154,Burke,VA,412022a750798d6ba0a188f288044f85,39.111316,-77.859098,0
Aaron,376028110684021,2019-03-28 07:31:14,"fraud_Johnston, Nikolaus and Maggio",47.86,624 Hale Springs Apt. 572,Meadville,MO,6bf2eac06b1ed22c8f6215e9ef3653ff,39.855799,-92.451553,0
Aaron,376028110684021,2019-03-28 09:16:49,"fraud_Cremin, Hamill and Reichel",33.63,624 Hale Springs Apt. 572,Meadville,MO,38492cccfb9a4847d5e12058d3df50a7,40.289797,-92.856632,0
Aaron,376028110684021,2019-03-28 10:42:12,fraud_Cormier LLC,82.98,624 Hale Springs Apt. 572,Meadville,MO,0c5b7f7153dd8ef16a9d3766fee67cbb,40.392514,-93.017395,0
Aaron,4958589671582726883,2019-03-28 22:04:27,fraud_Streich Ltd,126.2,793 Hooper Tunnel Suite 154,Burke,VA,6d4b35a1ce55d9fcf874360456eb300c,38.666920000000005,-76.438443,0
Aaron,376028110684021,2019-03-28 23:04:29,fraud_Hirthe-Beier,73.94,624 Hale Springs Apt. 572,Meadville,MO,b4cd9223715a8cdb78cc25e5087c17ef,39.282409,-93.975701,0
Aaron,4958589671582726883,2019-03-29 06:53:08,"fraud_Willms, Kris and Bergnaum",3.65,793 Hooper Tunnel Suite 154,Burke,VA,893a94107479b0aed22384a660fbd5fb,39.618893,-76.539626,0
Aaron,4958589671582726883,2019-03-29 14:11:46,"fraud_Denesik, Powlowski and Pouros",43.94,793 Hooper Tunnel Suite 154,Burke,VA,4f16342d892802a097c9de8ba1a8f972,38.393637,-77.694001,0
Aaron,376028110684021,2019-03-29 17:10:32,fraud_Berge-Ullrich,75.85,624 Hale Springs Apt. 572,Meadville,MO,fd620f2f4c43ce9b330e8165bf3ff994,39.655579,-93.168451,0
Aaron,4958589671582726883,2019-03-29 23:26:47,fraud_Skiles LLC,230.59,793 Hooper Tunnel Suite 154,Burke,VA,0bef49239236aa75073f2bfc070c38fb,39.100223,-77.43939499999999,0
Aaron,376028110684021,2019-03-29 23:36:33,"fraud_Ledner, Hartmann and Feest",74.04,624 Hale Springs Apt. 572,Meadville,MO,09e2ce30ef090d59996501f810a532da,39.481256,-93.68682,0
Aaron,376028110684021,2019-03-30 00:29:20,"fraud_Rutherford, Homenick and Bergstrom",52.08,624 Hale Springs Apt. 572,Meadville,MO,86607c664d478c873e26589876215308,39.335622,-93.31651,0
Aaron,4958589671582726883,2019-03-30 00:52:18,fraud_Stoltenberg-Beatty,6.75,793 Hooper Tunnel Suite 154,Burke,VA,54bcdc1160f44f04bf9a6c5443ff26e7,39.271277000000005,-76.892105,0
Aaron,376028110684021,2019-03-30 02:07:06,fraud_Stoltenberg-Beatty,136.61,624 Hale Springs Apt. 572,Meadville,MO,da3b4b0d34e939722a5677a3074b6906,40.238076,-93.397985,0
Aaron,4260059589824237,2019-03-30 07:36:41,"fraud_Lind, Huel and McClure",72.88,969 Huerta Path Apt. 270,Valentine,NE,5fb74fb7c7d7370e8291567a9b576eea,42.455343,-101.536492,0
Aaron,376028110684021,2019-03-30 10:21:03,fraud_Huels-Hahn,65.84,624 Hale Springs Apt. 572,Meadville,MO,f9f17f7b5c8ad9dbacbd54a7a5933a67,39.238696,-93.482396,0
Aaron,376028110684021,2019-03-30 13:56:17,"fraud_Fadel, Mertz and Rippin",67.49,624 Hale Springs Apt. 572,Meadville,MO,d2fe791665c1199502a09d202e0801de,39.421733,-94.22185,0
Aaron,4958589671582726883,2019-03-30 18:03:07,fraud_Fritsch and Sons,34.54,793 Hooper Tunnel Suite 154,Burke,VA,05e9273dc2877306689e28aa4cd1ea62,38.590064,-78.247403,0
Aaron,376028110684021,2019-03-30 19:04:48,fraud_Donnelly LLC,79.05,624 Hale Springs Apt. 572,Meadville,MO,96418046e0d6abdda874c63bb310aa50,39.893422,-93.519589,0
Aaron,376028110684021,2019-03-30 20:58:53,"fraud_Bernhard, Grant and Langworth",141.41,624 Hale Springs Apt. 572,Meadville,MO,d716dc61bdcac933e518f4309899d92d,39.87725,-94.253309,0
